content,contentlink,actor,grade,peoplenum,instruct,picture
肖申克的救赎 / The Shawshank Redemption / 月黑高飞(港)  /  刺激1995(台),['https://movie.douban.com/subject/1292052/'],导演:弗兰克·德拉邦特FrankDarabont   主演:蒂姆·罗宾斯TimRobbins/...1994 / 美国 / 犯罪剧情,['9.6'],['714340人评价'],['希望让人自由。'],['https://img3.doubanio.com/view/movie_poster_cover/ipst/public/p480747492.jpg']
霸王别姬 / 再见，我的妾  /  Farewell My Concubine,['https://movie.douban.com/subject/1291546/'],导演:陈凯歌KaigeChen   主演:张国荣LeslieCheung/张丰毅FengyiZha...1993 / 中国大陆香港 / 剧情爱情同性,['9.5'],['497427人评价'],['风华绝代。'],['https://img3.doubanio.com/view/movie_poster_cover/ipst/public/p1910813120.jpg']
美丽人生 / La vita è bella / 一个快乐的传说(港)  /  Life Is Beautiful,['https://movie.douban.com/subject/1292063/'],导演:罗伯托·贝尼尼RobertoBenigni   主演:罗伯托·贝尼尼RobertoBeni...1997 / 意大利 / 剧情喜剧爱情,['9.5'],['340601人评价'],['最美的谎言。'],['https://img3.doubanio.com/view/movie_poster_cover/ipst/public/p510861873.jpg']
控方证人 / Witness for the Prosecution / 雄才伟略  /  情妇,['https://movie.douban.com/subject/1296141/'],导演:比利·怀尔德BillyWilder   主演:查尔斯·劳顿CharlesLaughton/...1957 / 美国 / 剧情犯罪悬疑,['9.5'],['48539人评价'],['比利·怀德满分作品。'],['https://img1.doubanio.com/view/movie_poster_cover/ipst/public/p1505392928.jpg']
这个杀手不太冷 / Léon / 杀手莱昂  /  终极追杀令(台),['https://movie.douban.com/subject/1295644/'],导演:吕克·贝松LucBesson   主演:让·雷诺JeanReno/娜塔丽·波特曼...1994 / 法国 / 剧情动作犯罪,['9.4'],['685426人评价'],['怪蜀黍和小萝莉不得不说的故事。'],['https://img3.doubanio.com/view/movie_poster_cover/ipst/public/p511118051.jpg']
阿甘正传 / Forrest Gump / 福雷斯特·冈普,['https://movie.douban.com/subject/1292720/'],导演:RobertZemeckis   主演:TomHanks/RobinWrightPenn/GarySinise1994 / 美国 / 剧情爱情,['9.4'],['598531人评价'],['一部美国近现代史。'],['https://img1.doubanio.com/view/movie_poster_cover/ipst/public/p510876377.jpg']
辛德勒的名单 / Schindler's List / 舒特拉的名单(港)  /  辛德勒名单,['https://movie.douban.com/subject/1295124/'],导演:史蒂文·斯皮尔伯格StevenSpielberg   主演:连姆·尼森LiamNeeson...1993 / 美国 / 剧情历史战争,['9.4'],['316821人评价'],['拯救一个人，就是拯救整个世界。'],['https://img3.doubanio.com/view/movie_poster_cover/ipst/public/p492406163.jpg']
机器人总动员 / WALL·E / 瓦力(台)  /  太空奇兵·威E(港),['https://movie.douban.com/subject/2131459/'],导演:安德鲁·斯坦顿AndrewStanton   主演:本·贝尔特BenBurtt/艾丽...2008 / 美国 / 喜剧爱情科幻动画冒险,['9.3'],['433645人评价'],['小瓦力，大人生。'],['https://img3.doubanio.com/view/movie_poster_cover/ipst/public/p449665982.jpg']
十二怒汉 / 12 Angry Men / 12怒汉  /  十二怒汉,['https://movie.douban.com/subject/1293182/'],导演:SidneyLumet   主演:亨利·方达HenryFonda/马丁·鲍尔萨姆Marti...1957 / 美国 / 剧情,['9.3'],['140457人评价'],['1957年的理想主义。 '],['https://img3.doubanio.com/view/movie_poster_cover/ipst/public/p2173577632.jpg']
海豚湾 / The Cove / 血色海湾(台)  /  海湾,['https://movie.douban.com/subject/3442220/'],导演:LouiePsihoyos   主演:JohnChisholm/Mandy-RaeCruikshank/Char...2009 / 美国 / 纪录片,['9.3'],['162264人评价'],['海豚的微笑，是世界上最高明的伪装。'],['https://img3.doubanio.com/view/movie_poster_cover/ipst/public/p455222172.jpg']
千与千寻 / 千と千尋の神隠し / 神隐少女(台)  /  Spirited Away,['https://movie.douban.com/subject/1291561/'],导演:宫崎骏HayaoMiyazaki   主演:柊瑠美RumiHîragi/入野自由Miy...2001 / 日本 / 剧情动画奇幻,['9.2'],['545666人评价'],['最好的宫崎骏，最好的久石让。 '],['https://img3.doubanio.com/view/movie_poster_cover/ipst/public/p1910830216.jpg']
海上钢琴师 / La leggenda del pianista sull'oceano / 声光伴我飞(台)  /  一九零零的传奇(港),['https://movie.douban.com/subject/1292001/'],导演:朱塞佩·托纳多雷GiuseppeTornatore   主演:蒂姆·罗斯TimRoth/...1998 / 意大利 / 剧情音乐,['9.2'],['515038人评价'],['每个人都要走一条自己坚定了的路，就算是粉身碎骨。 '],['https://img1.doubanio.com/view/movie_poster_cover/ipst/public/p511146957.jpg']
盗梦空间 / Inception / 潜行凶间(港)  /  全面启动(台),['https://movie.douban.com/subject/3541415/'],导演:克里斯托弗·诺兰ChristopherNolan   主演:莱昂纳多·迪卡普里奥Le...2010 / 美国英国 / 剧情动作科幻悬疑冒险,['9.2'],['659468人评价'],['诺兰给了我们一场无法盗取的梦。'],['https://img3.doubanio.com/view/movie_poster_cover/ipst/public/p513344864.jpg']
放牛班的春天 / Les choristes / 歌声伴我心(港)  /  唱诗班男孩,['https://movie.douban.com/subject/1291549/'],导演:克里斯托夫·巴拉蒂ChristopheBarratier   主演:杰拉尔·朱诺Géra...2004 / 法国德国瑞士 / 剧情儿童音乐,['9.2'],['381766人评价'],['天籁一般的童声，是最接近上帝的存在。 '],['https://img3.doubanio.com/view/movie_poster_cover/ipst/public/p1910824951.jpg']
忠犬八公的故事 / Hachi: A Dog's Tale / 忠犬小八(台)  /  秋田犬八千(港),['https://movie.douban.com/subject/3011091/'],导演:莱塞·霍尔斯道姆LasseHallström   主演:理查·基尔RichardGer...2009 / 美国英国 / 剧情,['9.2'],['364737人评价'],['永远都不能忘记你所爱的人。'],['https://img3.doubanio.com/view/movie_poster_cover/ipst/public/p524964016.jpg']
教父 / The Godfather / Mario Puzo's The Godfather  /  教父,['https://movie.douban.com/subject/1291841/'],导演:弗朗西斯·福特·科波拉FrancisFordCoppola   主演:马龙·白兰度M...1972 / 美国 / 剧情犯罪,['9.2'],['291061人评价'],['千万不要记恨你的对手，这样会让你失去理智。'],['https://img3.doubanio.com/view/movie_poster_cover/ipst/public/p1910907404.jpg']
乱世佳人 / Gone with the Wind / 飘,['https://movie.douban.com/subject/1300267/'],导演:VictorFleming/GeorgeCukor   主演:克拉克·盖博ClarkGable/...1939 / 美国 / 剧情爱情战争,['9.2'],['232104人评价'],['Tomorrow is another day.'],['https://img3.doubanio.com/view/movie_poster_cover/ipst/public/p1963126880.jpg']
大闹天宫 / 大闹天宫 上下集  /  The Monkey King,['https://movie.douban.com/subject/1418019/'],导演:万籁鸣LaimingWan/唐澄ChengTang   主演:邱岳峰YuefengQiu/...1961(上集)/1964(下集)/1978(全本)/2004(纪念版) / 中国大陆 / 动画奇幻,['9.2'],['77847人评价'],['经典之作，历久弥新。'],['https://img1.doubanio.com/view/movie_poster_cover/ipst/public/p2184505167.jpg']
城市之光 / City Lights / City Lights: A Comedy Romance in Pantomime  /  Lichter der Großstadt,['https://movie.douban.com/subject/1293908/'],导演:CharlesChaplin   主演:查理·卓别林CharlesChaplin/弗吉尼亚·...1931 / 美国 / 喜剧剧情爱情,['9.2'],['32648人评价'],['永远的小人物，伟大的卓别林。'],['https://img3.doubanio.com/view/movie_poster_cover/ipst/public/p2099815842.jpg']
泰坦尼克号 / Titanic / 铁达尼号(港 / 台) ,['https://movie.douban.com/subject/1292722/'],导演:JamesCameron   主演:LeonardoDiCaprio/KateWinslet/BillyZane1997 / 美国 / 剧情爱情灾难,['9.1'],['550638人评价'],['失去的才是永恒的。 '],['https://img3.doubanio.com/view/movie_poster_cover/ipst/public/p457760035.jpg']
三傻大闹宝莱坞 / 3 Idiots / 三个傻瓜(台)  /  作死不离3兄弟(港),['https://movie.douban.com/subject/3793023/'],导演:拉库马·希拉尼RajkumarHirani   主演:阿米尔·汗AamirKhan/卡...2009 / 印度 / 剧情喜剧爱情歌舞,['9.1'],['565901人评价'],['英俊版憨豆，高情商版谢耳朵。'],['https://img3.doubanio.com/view/movie_poster_cover/ipst/public/p579729551.jpg']
大话西游之大圣娶亲 / 西遊記大結局之仙履奇緣 / 西游记完结篇仙履奇缘  /  齐天大圣西游记,['https://movie.douban.com/subject/1292213/'],导演:刘镇伟JeffreyLau   主演:周星驰StephenChow/吴孟达ManTatNg...1995 / 香港中国大陆 / 动作冒险喜剧奇幻爱情,['9.1'],['378110人评价'],['一生所爱。'],['https://img3.doubanio.com/view/movie_poster_cover/ipst/public/p648365452.jpg']
龙猫 / となりのトトロ / 邻家的豆豆龙  /  隔壁的特特罗,['https://movie.douban.com/subject/1291560/'],导演:宫崎骏HayaoMiyazaki   主演:日高法子NorikoHidaka/坂本千夏Ch...1988 / 日本 / 动画奇幻,['9.1'],['355324人评价'],['人人心中都有个龙猫，童年就永远不会消失。'],['https://img1.doubanio.com/view/movie_poster_cover/ipst/public/p1910829638.jpg']
天堂电影院 / Nuovo Cinema Paradiso / 星光伴我心(台)  /  新天堂乐园(港),['https://movie.douban.com/subject/1291828/'],导演:朱塞佩·托纳多雷GiuseppeTornatore   主演:安东娜拉·塔莉Antonel...1988 / 意大利法国 / 剧情爱情,['9.1'],['267289人评价'],['那些吻戏，那些青春，都在影院的黑暗里被泪水冲刷得无比清晰。'],['https://img3.doubanio.com/view/movie_poster_cover/ipst/public/p1910901025.jpg']
触不可及 / Intouchables / 闪亮人生(港)  /  逆转人生(台),['https://movie.douban.com/subject/6786002/'],导演:奥利维·那卡什OlivierNakache/艾力克·托兰达EricToledano   主...2011 / 法国 / 剧情喜剧,['9.1'],['304747人评价'],['满满温情的高雅喜剧。'],['https://img3.doubanio.com/view/movie_poster_cover/ipst/public/p1454261925.jpg']
指环王3：王者无敌 / The Lord of the Rings: The Return of the King / 魔戒三部曲：王者再临  /  指环王III：王者无敌,['https://movie.douban.com/subject/1291552/'],导演:彼得·杰克逊PeterJackson   主演:维果·莫腾森ViggoMortensen/...2003 / 美国新西兰 / 剧情动作奇幻冒险,['9.1'],['247210人评价'],['史诗的终章。'],['https://img3.doubanio.com/view/movie_poster_cover/ipst/public/p1910825503.jpg']
鬼子来了 / Devils on the Doorstep,['https://movie.douban.com/subject/1291858/'],导演:姜文WenJiang   主演:姜文WenJiang/香川照之TeruyukiKagawa/...2000 / 中国大陆 / 剧情战争,['9.1'],['186866人评价'],['对敌人的仁慈，就是对自己残忍。'],['https://img3.doubanio.com/view/movie_poster_cover/ipst/public/p1181775734.jpg']
窃听风暴 / Das Leben der Anderen / 他人的生活  /  别人的生活,['https://movie.douban.com/subject/1900841/'],导演:弗洛里安·亨克尔·冯·多纳斯马FlorianHenckelvonDonnersmarck   ...2006 / 德国 / 剧情悬疑,['9.1'],['183107人评价'],['别样人生。'],['https://img1.doubanio.com/view/movie_poster_cover/ipst/public/p1808872109.jpg']
熔炉 / 도가니 / 无声呐喊(港)  /  漩涡,['https://movie.douban.com/subject/5912992/'],导演:黄东赫Dong-hyukHwang   主演:孔侑YooGong/郑有美Yu-miJeong...2011 / 韩国 / 剧情,['9.1'],['174701人评价'],['我们一路奋战不是为了改变世界，而是为了不让世界改变我们。'],['https://img3.doubanio.com/view/movie_poster_cover/ipst/public/p1363250216.jpg']
教父2 / The Godfather: Part Ⅱ / 教父续集  /  教父II,['https://movie.douban.com/subject/1299131/'],导演:弗朗西斯·福特·科波拉FrancisFordCoppola   主演:阿尔·帕西诺A...1974 / 美国 / 剧情犯罪,['9.1'],['157089人评价'],['优雅的孤独。'],['https://img3.doubanio.com/view/movie_poster_cover/ipst/public/p616779231.jpg']
美国往事 / Once Upon a Time in America / 四海兄弟(台)  /  义薄云天(港),['https://movie.douban.com/subject/1292262/'],导演:SergioLeone   主演:罗伯特·德尼罗RobertDeNiro/詹姆斯·伍兹...1984 / 意大利美国 / 犯罪剧情,['9.1'],['146598人评价'],['往事如烟，无处祭奠。'],['https://img1.doubanio.com/view/movie_poster_cover/ipst/public/p477229647.jpg']
星际穿越 / Interstellar / 星际启示录(港)  /  星际效应(台),['https://movie.douban.com/subject/1889243/'],导演:克里斯托弗·诺兰ChristopherNolan   主演:马修·麦康纳MatthewMc...2014 / 美国英国加拿大 / 剧情科幻悬疑冒险家庭,['9.1'],['397477人评价'],['爱是一种力量，让我们超越时空感知它的存在。'],['https://img3.doubanio.com/view/movie_poster_cover/ipst/public/p2206088801.jpg']
小鞋子 / بچههای آسمان / 天堂的孩子  /  小童鞋,['https://movie.douban.com/subject/1303021/'],导演:马基德·马基迪MajidMajidi   主演:AmirFarrokhHashemian/默罕...1999 / 伊朗 / 剧情家庭儿童,['9.1'],['111254人评价'],['奔跑的孩子是天使。'],['https://img3.doubanio.com/view/movie_poster_cover/ipst/public/p2173580603.jpg']
辩护人 / 변호인 / 逆权大状(港)  /  正义辩护人(台),['https://movie.douban.com/subject/21937445/'],导演:杨宇硕Woo-seokYang   主演:宋康昊Kang-hoSong/吴达洙Dal-suO...2013 / 韩国 / 剧情,['9.1'],['144811人评价'],['电影的现实意义大过电影本身。'],['https://img3.doubanio.com/view/movie_poster_cover/ipst/public/p2158166535.jpg']
"摩登时代 / Modern Times / The Masses  /  Temps modernes, Les",['https://movie.douban.com/subject/1294371/'],导演:查理·卓别林CharlesChaplin   主演:查理·卓别林CharlesChaplin...1936 / 美国 / 喜剧剧情爱情,['9.1'],['67582人评价'],['大时代中的人生，小人物的悲喜。'],['https://img3.doubanio.com/view/movie_poster_cover/ipst/public/p2173707976.jpg']
七武士 / 七人の侍 / 七侠四义(港)  /  The Seven Samurai,['https://movie.douban.com/subject/1295399/'],导演:黑泽明AkiraKurosawa   主演:三船敏郎ToshirôMifune/志村乔...1954 / 日本 / 动作冒险剧情,['9.1'],['61053人评价'],['时代悲歌。'],['https://img3.doubanio.com/view/movie_poster_cover/ipst/public/p647099823.jpg']
迁徙的鸟 / Le peuple migrateur / 鸟的迁徙  /  鸟与梦飞行,['https://movie.douban.com/subject/1292281/'],导演:雅克·贝汉JacquesPerrin/雅克·克鲁奥德JacquesCluzaud   主演:...2001 / 法国德国意大利西班牙瑞士 / 纪录片,['9.1'],['46312人评价'],['最美的飞翔。'],['https://img1.doubanio.com/view/movie_poster_cover/ipst/public/p2238274168.jpg']
爱·回家 / 집으로... / 外婆的家  /  回家路上,['https://movie.douban.com/subject/1299361/'],导演:李廷香Jeong-hyangLee   主演:金艺芬Eul-boonKim/俞承豪Seung-...2002 / 韩国 / 剧情儿童家庭,['9.1'],['39041人评价'],['献给所有外婆的电影。'],['https://img3.doubanio.com/view/movie_poster_cover/ipst/public/p2107418134.jpg']
东京物语 / 東京物語 / 东京故事  /  Tokyo Story,['https://movie.douban.com/subject/1291568/'],导演:小津安二郎YasujirôOzu   主演:笠智众ChishûRyû/原节...1953 / 日本 / 剧情家庭,['9.1'],['37411人评价'],['东京那么大，如果有一天走失了，恐怕一辈子不能再相见。'],['https://img3.doubanio.com/view/movie_poster_cover/ipst/public/p1910832390.jpg']
"黄金三镖客 / Il buono, il brutto, il cattivo. / 好·坏·丑  /  独行侠决斗地狱门(港)",['https://movie.douban.com/subject/1401118/'],导演:SergioLeone   主演:ClintEastwood/EliWallach/LeeVanCleef1966 / 意大利西班牙西德 / 冒险西部,['9.1'],['39627人评价'],['最棒的西部片。'],['https://img1.doubanio.com/view/movie_poster_cover/ipst/public/p2101693489.jpg']
搏击俱乐部 / Fight Club / 搏击会(港)  /  斗阵俱乐部(台),['https://movie.douban.com/subject/1292000/'],导演:大卫·芬奇DavidFincher   主演:爱德华·诺顿EdwardNorton/布拉...1999 / 美国德国 / 剧情动作悬疑惊悚,['9.0'],['361608人评价'],['邪恶与平庸蛰伏于同一个母体，在特定的时间互相对峙。'],['https://img1.doubanio.com/view/movie_poster_cover/ipst/public/p1910926158.jpg']
楚门的世界 / The Truman Show / 真人Show(港)  /  真人戏,['https://movie.douban.com/subject/1292064/'],导演:彼得·威尔PeterWeir   主演:金·凯瑞JimCarrey/劳拉·琳妮Lau...1998 / 美国 / 剧情,['9.0'],['366874人评价'],['如果再也不能见到你，祝你早安，午安，晚安。'],['https://img3.doubanio.com/view/movie_poster_cover/ipst/public/p479682972.jpg']
天空之城 / 天空の城ラピュタ / Tenkû no shiro Rapyuta  /  Laputa: Castle in the Sky,['https://movie.douban.com/subject/1291583/'],导演:宫崎骏HayaoMiyazaki   主演:田中真弓MayumiTanaka/鹫尾真知子...1986 / 日本 / 动画奇幻冒险,['9.0'],['279708人评价'],['对天空的追逐，永不停止。 '],['https://img1.doubanio.com/view/movie_poster_cover/ipst/public/p1446261379.jpg']
"两杆大烟枪 / Lock, Stock and Two Smoking Barrels / 够姜四小强(港)  /  两根枪管(台)",['https://movie.douban.com/subject/1293350/'],导演:GuyRitchie   主演:JasonFlemyng/DexterFletcher/NickMoran1998 / 英国 / 剧情喜剧犯罪,['9.0'],['238017人评价'],['4个臭皮匠顶个诸葛亮，盖·里奇果然不是盖的。'],['https://img1.doubanio.com/view/movie_poster_cover/ipst/public/p792443418.jpg']
飞越疯人院 / One Flew Over the Cuckoo's Nest / 飞越杜鹃窝  /  飞越喜鹊巢,['https://movie.douban.com/subject/1292224/'],导演:米洛斯·福尔曼MilošForman   主演:杰克·尼科尔森JackNichols...1975 / 美国 / 剧情,['9.0'],['238564人评价'],['自由万岁。'],['https://img1.doubanio.com/view/movie_poster_cover/ipst/public/p792238287.jpg']
少年派的奇幻漂流 / Life of Pi / 少年Pi的奇幻漂流  /  漂流少年Pi,['https://movie.douban.com/subject/1929463/'],导演:李安AngLee   主演:苏拉·沙玛SurajSharma/拉菲·斯波RafeSpa...2012 / 美国台湾英国加拿大 / 剧情奇幻冒险,['9.0'],['502962人评价'],['瑰丽壮观、无人能及的冒险之旅。'],['https://img3.doubanio.com/view/movie_poster_cover/ipst/public/p1784592701.jpg']
蝙蝠侠：黑暗骑士 / The Dark Knight / 蝙蝠侠前传2：黑暗骑士  /  黑暗骑士(台),['https://movie.douban.com/subject/1851857/'],导演:克里斯托弗·诺兰ChristopherNolan   主演:克里斯蒂安·贝尔Christ...2008 / 美国英国 / 剧情动作科幻犯罪惊悚,['9.0'],['265054人评价'],['无尽的黑暗。'],['https://img3.doubanio.com/view/movie_poster_cover/ipst/public/p462657443.jpg']
活着 / 人生  /  Lifetimes,['https://movie.douban.com/subject/1292365/'],导演:张艺谋YimouZhang   主演:葛优YouGe/巩俐LiGong/姜武WuJiang1994 / 中国大陆香港 / 剧情家庭,['9.0'],['211789人评价'],['张艺谋最好的电影。'],['https://img3.doubanio.com/view/movie_poster_cover/ipst/public/p2173575484.jpg']
钢琴家 / The Pianist / 战地琴人  /  钢琴战曲,['https://movie.douban.com/subject/1296736/'],导演:罗曼·波兰斯基RomanPolanski   主演:艾德里安·布洛迪AdrienBrod...2002 / 法国德国英国波兰 / 剧情传记历史战争,['9.0'],['172049人评价'],['音乐能化解仇恨。'],['https://img3.doubanio.com/view/movie_poster_cover/ipst/public/p792484461.jpg']
素媛 / 소원 / 许愿  /  希望：为爱重生(台),['https://movie.douban.com/subject/21937452/'],导演:李濬益Jun-ikLee   主演:薛景求Kyung-guSol/严志媛Ji-wonUhm...2013 / 韩国 / 剧情家庭,['9.0'],['123722人评价'],['受过伤害的人总是笑得最开心，因为他们不愿意让身边的人承受一样的痛苦。'],['https://img3.doubanio.com/view/movie_poster_cover/ipst/public/p2118532944.jpg']
海洋 / Océans / Oceans  /  海洋,['https://movie.douban.com/subject/3443389/'],导演:雅克·贝汉JacquesPerrin/雅克·克鲁奥德JacquesCluzaud   主演:...2009 / 法国瑞士西班牙美国阿联酋 / 纪录片,['9.0'],['88709人评价'],['大海啊，不全是水。'],['https://img3.doubanio.com/view/movie_poster_cover/ipst/public/p497010372.jpg']
狩猎 / Jagten / 谎言的烙印(台)  /  诬网(港),['https://movie.douban.com/subject/6985810/'],导演:托马斯·温特伯格ThomasVinterberg   主演:麦斯·米科尔森MadsMik...2012 / 丹麦瑞典比利时 / 剧情,['9.0'],['88770人评价'],['人言可畏。'],['https://img1.doubanio.com/view/movie_poster_cover/ipst/public/p1546987967.jpg']
完美的世界 / A Perfect World / 强盗保镳,['https://movie.douban.com/subject/1300992/'],导演:克林特·伊斯特伍德ClintEastwood   主演:凯文·科斯特纳KevinCos...1993 / 美国 / 剧情犯罪,['9.0'],['64218人评价'],['坏人的好总是比好人的好来得更感人。'],['https://img3.doubanio.com/view/movie_poster_cover/ipst/public/p792403691.jpg']
追随 / Following / 致命追踪  /  跟踪,['https://movie.douban.com/subject/1397546/'],导演:克里斯托弗·诺兰ChristopherNolan   主演:杰里米.西奥伯德Jeremy...1998 / 英国 / 犯罪悬疑惊悚,['9.0'],['61918人评价'],['诺兰的牛逼来源于内心散发出的恐惧。'],['https://img3.doubanio.com/view/movie_poster_cover/ipst/public/p2074443514.jpg']
忠犬八公物语 / ハチ公物語 / 八千公物语  /  阿八的故事,['https://movie.douban.com/subject/1959195/'],导演:SeijirôKôyama   主演:山本圭KeiYamamoto/井川比佐志Hisa...1987 / 日本 / 剧情,['9.0'],['41123人评价'],['养狗三日，便会对你终其一生。'],['https://img3.doubanio.com/view/movie_poster_cover/ipst/public/p1576418852.jpg']
我爱你 / 그대를 사랑합니다 / 爱你  /  Late Blossom,['https://movie.douban.com/subject/5908478/'],导演:秋昌民Chang-minChoo   主演:宋在河Jae-hoSong/李顺载Soon-jae...2011 / 韩国 / 剧情爱情,['9.0'],['42851人评价'],['你要相信，这世上真的有爱存在，不管在什么年纪 '],['https://img1.doubanio.com/view/movie_poster_cover/ipst/public/p1075591188.jpg']
当幸福来敲门 / The Pursuit of Happyness / 寻找快乐的故事(港)  /  追求快乐,['https://movie.douban.com/subject/1849031/'],导演:加布里尔·穆奇诺GabrieleMuccino   主演:威尔·史密斯WillSmith...2006 / 美国 / 剧情传记家庭,['8.9'],['462403人评价'],['平民励志片。 '],['https://img1.doubanio.com/view/movie_poster_cover/ipst/public/p1312700628.jpg']
罗马假日 / Roman Holiday / 金枝玉叶(港)  /  罗马假期(台),['https://movie.douban.com/subject/1293839/'],导演:威廉·惠勒WilliamWyler   主演:奥黛丽·赫本AudreyHepburn/格...1953 / 美国 / 喜剧剧情爱情,['8.9'],['330288人评价'],['爱情哪怕只有一天。'],['https://img3.doubanio.com/view/movie_poster_cover/ipst/public/p2173398296.jpg']
怦然心动 / Flipped / 萌动青春  /  青春萌动,['https://movie.douban.com/subject/3319755/'],导演:罗伯·莱纳RobReiner   主演:玛德琳·卡罗尔MadelineCarroll/卡...2010 / 美国 / 剧情喜剧爱情,['8.9'],['445427人评价'],['真正的幸福是来自内心深处。'],['https://img3.doubanio.com/view/movie_poster_cover/ipst/public/p663036666.jpg']
无间道 / 無間道 / Infernal Affairs,['https://movie.douban.com/subject/1307914/'],导演:刘伟强/麦兆辉   主演:刘德华/梁朝伟/黄秋生2002 / 香港 / 犯罪悬疑惊悚,['8.9'],['328106人评价'],['香港电影史上永不过时的杰作。'],['https://img3.doubanio.com/view/movie_poster_cover/ipst/public/p2233971046.jpg']
飞屋环游记 / Up / 冲天救兵(港)  /  天外奇迹(台),['https://movie.douban.com/subject/2129039/'],导演:彼特·道格特PeteDocter   主演:爱德华·阿斯纳EdwardAsner/克...2009 / 美国 / 剧情喜剧动画奇幻冒险,['8.9'],['435632人评价'],['最后那些最无聊的事情，才是最值得怀念的。 '],['https://img3.doubanio.com/view/movie_poster_cover/ipst/public/p465583562.jpg']
大话西游之月光宝盒 / 西遊記第壹佰零壹回之月光寶盒 / 西游记101回月光宝盒  /  齐天大圣东游记,['https://movie.douban.com/subject/1299398/'],导演:刘镇伟JeffreyLau   主演:周星驰StephenChow/吴孟达ManTatNg...1995 / 香港中国大陆 / 喜剧动作爱情奇幻冒险古装,['8.9'],['328096人评价'],['旷古烁今。'],['https://img3.doubanio.com/view/movie_poster_cover/ipst/public/p1280323646.jpg']
闻香识女人 / Scent of a Woman / 女人香  /  女人的芳香,['https://movie.douban.com/subject/1298624/'],导演:马丁·布莱斯MartinBrest   主演:阿尔·帕西诺AlPacino/克里斯...1992 / 美国 / 剧情,['8.9'],['271002人评价'],['史上最美的探戈。'],['https://img1.doubanio.com/view/movie_poster_cover/ipst/public/p925123037.jpg']
美丽心灵 / A Beautiful Mind / 有你终生美丽(港)  /  美丽境界(台),['https://movie.douban.com/subject/1306029/'],导演:朗·霍华德RonHoward   主演:罗素·克劳RussellCrowe/詹妮弗·...2001 / 美国 / 传记剧情,['8.9'],['261962人评价'],['爱是一切逻辑和原由。'],['https://img3.doubanio.com/view/movie_poster_cover/ipst/public/p1665997400.jpg']
指环王2：双塔奇兵 / The Lord of the Rings: The Two Towers / 魔戒二部曲：双城奇谋  /  指环王II：双塔,['https://movie.douban.com/subject/1291572/'],导演:彼得·杰克逊PeterJackson   主演:伊利亚·伍德ElijahWood/西恩...2002 / 美国新西兰 / 剧情动作奇幻冒险,['8.9'],['235199人评价'],['承前启后的史诗篇章。'],['https://img3.doubanio.com/view/movie_poster_cover/ipst/public/p909265336.jpg']
指环王1：魔戒再现 / The Lord of the Rings: The Fellowship of the Ring / 魔戒首部曲：魔戒现身  /  指环王I：护戒使者,['https://movie.douban.com/subject/1291571/'],导演:彼得·杰克逊PeterJackson   主演:伊利亚·伍德ElijahWood/西恩...2001 / 新西兰美国 / 剧情动作奇幻冒险,['8.9'],['262230人评价'],['传说的开始。'],['https://img3.doubanio.com/view/movie_poster_cover/ipst/public/p1354436051.jpg']
死亡诗社 / Dead Poets Society / 暴雨骄阳(港)  /  春风化雨(台),['https://movie.douban.com/subject/1291548/'],导演:彼得·威尔PeterWeir   主演:罗宾·威廉姆斯RobinWilliams/罗伯...1989 / 美国 / 剧情,['8.9'],['229650人评价'],['当一个死水般的体制内出现一个活跃的变数时，所有的腐臭都站在了光明的对面。'],['https://img3.doubanio.com/view/movie_poster_cover/ipst/public/p1910824340.jpg']
被嫌弃的松子的一生 / 嫌われ松子の一生 / 花样奇缘(港)  /  令人讨厌的松子的一生(台),['https://movie.douban.com/subject/1787291/'],导演:中岛哲也TetsuyaNakashima   主演:中谷美纪MikiNakatani/瑛太E...2006 / 日本 / 剧情歌舞,['8.9'],['216740人评价'],['以戏谑来戏谑戏谑。'],['https://img1.doubanio.com/view/movie_poster_cover/ipst/public/p453723669.jpg']
音乐之声 / The Sound of Music / 仙乐飘飘处处闻(港)  /  真善美(台),['https://movie.douban.com/subject/1294408/'],导演:RobertWise   主演:朱丽·安德鲁斯JulieAndrews/克里斯托弗·普...1965 / 美国 / 剧情爱情歌舞家庭传记,['8.9'],['199558人评价'],['用音乐化解仇恨，让歌声串起美好。'],['https://img1.doubanio.com/view/movie_poster_cover/ipst/public/p453788577.jpg']
玛丽和马克思 / Mary and Max / 巧克力情缘  /  玛丽和麦克斯,['https://movie.douban.com/subject/3072124/'],导演:AdamElliot   主演:托妮·科莱特ToniCollette/菲利普·塞默·霍...2009 / 澳大利亚 / 剧情爱情动画,['8.9'],['209222人评价'],['你是我最好的朋友，你是我唯一的朋友 。'],['https://img1.doubanio.com/view/movie_poster_cover/ipst/public/p1820615077.jpg']
饮食男女 / 飲食男女 / Eat Drink Man Woman,['https://movie.douban.com/subject/1291818/'],导演:李安AngLee   主演:吴倩莲Chien-lienWu/杨贵媚Kuei-MeiYang/...1994 / 台湾美国 / 剧情家庭,['8.9'],['142948人评价'],['人生不能像做菜，把所有的料都准备好了才下锅。'],['https://img3.doubanio.com/view/movie_poster_cover/ipst/public/p1910899751.jpg']
上帝之城 / Cidade de Deus / 无主之城 (港)  /  无法无天 (台),['https://movie.douban.com/subject/1292208/'],导演:KátiaLund/FernandoMeirelles   主演:AlexandreRodrigues/Lea...2002 / 巴西法国 / 犯罪剧情,['8.9'],['134934人评价'],['被上帝抛弃了的上帝之城。'],['https://img3.doubanio.com/view/movie_poster_cover/ipst/public/p455677490.jpg']
一一 / Yi yi  /  Yi yi: A One and a Two,['https://movie.douban.com/subject/1292434/'],导演:杨德昌   主演:吴念真/李凯莉KellyLee/金燕玲ElaineJin2000 / 台湾日本 / 剧情爱情家庭,['8.9'],['127130人评价'],['我们都曾经是一一。'],['https://img1.doubanio.com/view/movie_poster_cover/ipst/public/p2119675128.jpg']
虎口脱险 / La grande vadrouille / 横冲直撞出重围(港)  /  大進擊(台),['https://movie.douban.com/subject/1296909/'],导演:GérardOury   主演:路易·德·菲耐斯LouisdeFunès/布尔维尔B...1966 / 法国英国 / 喜剧战争,['8.9'],['92066人评价'],['永远看不腻的喜剧。'],['https://img1.doubanio.com/view/movie_poster_cover/ipst/public/p2173634628.jpg']
雨中曲 / Singin' in the Rain / 雨中情  /  万花嬉春,['https://movie.douban.com/subject/1293460/'],导演:StanleyDonen/GeneKelly   主演:GeneKelly/DonaldO'Connor/...1952 / 美国 / 喜剧歌舞爱情,['8.9'],['76284人评价'],['骨灰级歌舞片。'],['https://img3.doubanio.com/view/movie_poster_cover/ipst/public/p1612355875.jpg']
小森林 夏秋篇 / リトル・フォレスト 夏・秋 / 小森食光 / 夏秋篇(台) ,['https://movie.douban.com/subject/25814705/'],导演:森淳一JunichiMori   主演:桥本爱AiHashimoto/三浦贵大Takahir...2014 / 日本 / 剧情,['8.9'],['83277人评价'],没有简介,['https://img3.doubanio.com/view/movie_poster_cover/ipst/public/p2221319641.jpg']
勇士 / Warrior / 勇者无敌(台)  /  钢铁斗士(港),['https://movie.douban.com/subject/3217169/'],导演:加文·欧康诺GavinO'Connor   主演:汤姆·哈迪TomHardy/乔尔·...2011 / 美国 / 剧情运动家庭,['8.9'],['73817人评价'],['热血沸腾，相当完美的娱乐拳击大餐。'],['https://img3.doubanio.com/view/movie_poster_cover/ipst/public/p1145536386.jpg']
与狼共舞 / Dances with Wolves / 与狼共舞,['https://movie.douban.com/subject/1293764/'],导演:KevinCostner   主演:KevinCostner/MaryMcDonnell/GrahamGreene1990 / 美国 / 冒险剧情西部,['8.9'],['49103人评价'],['充满诗意与情怀的史诗作品。 '],['https://img1.doubanio.com/view/movie_poster_cover/ipst/public/p499158228.jpg']
V字仇杀队 / V for Vendetta / V煞(港)  /  V怪客(台),['https://movie.douban.com/subject/1309046/'],导演:詹姆斯·麦克特格JamesMcTeigue   主演:娜塔丽·波曼NataliePortm...2005 / 美国英国德国 / 剧情动作科幻惊悚,['8.8'],['347093人评价'],['一张面具背后的理想与革命。'],['https://img3.doubanio.com/view/movie_poster_cover/ipst/public/p1465235231.jpg']
哈尔的移动城堡 / ハウルの動く城 / 呼啸山城  /  霍尔的移动城堡,['https://movie.douban.com/subject/1308807/'],导演:宫崎骏HayaoMiyazaki   主演:倍赏千惠子ChiekoBaishô/木村拓...2004 / 日本 / 爱情动画奇幻冒险,['8.8'],['288617人评价'],['带着心爱的人在天空飞翔。'],['https://img3.doubanio.com/view/movie_poster_cover/ipst/public/p2174346180.jpg']
情书 / Love Letter / When I Close My Eyes  /  Letters of Love,['https://movie.douban.com/subject/1292220/'],导演:岩井俊二ShunjiIwai   主演:中山美穗MihoNakayama/酒井美纪Mik...1995 / 日本 / 剧情爱情,['8.8'],['309126人评价'],['暗恋的极致。'],['https://img1.doubanio.com/view/movie_poster_cover/ipst/public/p449897379.jpg']
勇敢的心 / Braveheart / 惊世未了缘(港)  /  梅尔吉勃逊之英雄本色(台),['https://movie.douban.com/subject/1294639/'],导演:梅尔·吉布森MelGibson   主演:梅尔·吉布森MelGibson/苏菲·玛...1995 / 美国 / 动作传记剧情历史战争,['8.8'],['259798人评价'],['史诗大片的典范。'],['https://img3.doubanio.com/view/movie_poster_cover/ipst/public/p1374546770.jpg']
致命魔术 / The Prestige / 顶尖对决(台)  /  死亡魔法(港),['https://movie.douban.com/subject/1780330/'],导演:克里斯托弗·诺兰ChristopherNolan   主演:克里斯蒂安·贝尔Christ...2006 / 美国英国 / 剧情悬疑惊悚,['8.8'],['288637人评价'],['孪生蝙蝠侠大战克隆金刚狼。'],['https://img3.doubanio.com/view/movie_poster_cover/ipst/public/p480383375.jpg']
狮子王 / The Lion King / 狮子王3D,['https://movie.douban.com/subject/1301753/'],导演:RogerAllers/罗伯·明可夫RobMinkoff   主演:乔纳森·泰勒·托马...1994 / 美国 / 剧情动画冒险歌舞家庭,['8.8'],['240618人评价'],['动物版《哈姆雷特》。'],['https://img1.doubanio.com/view/movie_poster_cover/ipst/public/p722758217.jpg']
入殓师 / おくりびと / 礼仪师之奏鸣曲(港)  /  礼仪师(台),['https://movie.douban.com/subject/2149806/'],导演:泷田洋二郎YôjirôTakita   主演:本木雅弘MasahiroMotoki/...2008 / 日本 / 剧情,['8.8'],['279907人评价'],['死可能是一道门，逝去并不是终结，而是超越，走向下一程。'],['https://img1.doubanio.com/view/movie_poster_cover/ipst/public/p594972928.jpg']
拯救大兵瑞恩 / Saving Private Ryan / 雷霆救兵(港)  /  抢救雷恩大兵(台),['https://movie.douban.com/subject/1292849/'],导演:史蒂文·斯皮尔伯格StevenSpielberg   主演:汤姆·汉克斯TomHanks...1998 / 美国 / 剧情历史战争,['8.8'],['192545人评价'],['美利坚精神输出大片No1.'],['https://img3.doubanio.com/view/movie_poster_cover/ipst/public/p1014542496.jpg']
幽灵公主 / もののけ姫 / 魔法公主  /  幽灵少女,['https://movie.douban.com/subject/1297359/'],导演:宫崎骏   主演:松田洋治/石田百合子/田中裕子1997 / 日本 / 动画冒险奇幻,['8.8'],['197470人评价'],['人与自然的战争史诗。'],['https://img3.doubanio.com/view/movie_poster_cover/ipst/public/p1613191025.jpg']
第六感 / The Sixth Sense / 灵异第六感  /  鬼眼,['https://movie.douban.com/subject/1297630/'],导演:M·奈特·沙马兰M.NightShyamalan   主演:布鲁斯·威利斯BruceWi...1999 / 美国 / 剧情悬疑恐怖,['8.8'],['195161人评价'],['深入内心的恐怖，出人意料的结局。'],['https://img3.doubanio.com/view/movie_poster_cover/ipst/public/p2220184425.jpg']
阳光姐妹淘 / 써니 / 阳光姊妹淘(港)  /  桑尼,['https://movie.douban.com/subject/4917726/'],导演:姜炯哲Hyeong-CheolKang   主演:沈恩京Eun-kyungShim/闵孝琳Hy...2011 / 韩国 / 剧情喜剧,['8.8'],['223290人评价'],['再多各自牛逼的时光，也比不上一起傻逼的岁月。 '],['https://img1.doubanio.com/view/movie_poster_cover/ipst/public/p1374786017.jpg']
风之谷 / 風の谷のナウシカ / 风谷少女  /  Kaze no tani no Naushika,['https://movie.douban.com/subject/1291585/'],导演:宫崎骏HayaoMiyazaki   主演:岛本须美SumiShimamoto/京田尚子H...1984 / 日本 / 科幻动画奇幻冒险,['8.8'],['148129人评价'],['动画片的圣经。'],['https://img3.doubanio.com/view/movie_poster_cover/ipst/public/p1917567652.jpg']
侧耳倾听 / 耳をすませば / 心之谷  /  梦幻街少女,['https://movie.douban.com/subject/1297052/'],导演:近藤喜文YoshifumiKondo   主演:本名阳子YoukoHonna/小林桂树K...1995 / 日本 / 剧情爱情动画音乐,['8.8'],['137340人评价'],['少女情怀总是诗。'],['https://img3.doubanio.com/view/movie_poster_cover/ipst/public/p456692072.jpg']
燃情岁月 / Legends of the Fall / 秋日传奇  /  真爱一世情(台),['https://movie.douban.com/subject/1295865/'],导演:爱德华·兹威克EdwardZwick   主演:安东尼·霍普金斯AnthonyHopki...1994 / 美国 / 剧情爱情西部家庭,['8.8'],['132122人评价'],['传奇，不是每个人都可以拥有。'],['https://img1.doubanio.com/view/movie_poster_cover/ipst/public/p1023654037.jpg']
疯狂原始人 / The Croods / 古鲁家族(港 / 台) ,['https://movie.douban.com/subject/1907966/'],导演:科克·德·米科KirkDeMicco/克里斯·桑德斯ChrisSanders   主演...2013 / 美国 / 喜剧动画冒险,['8.8'],['321394人评价'],['老少皆宜，这就是好莱坞动画的魅力。'],['https://img1.doubanio.com/view/movie_poster_cover/ipst/public/p1867084027.jpg']
魂断蓝桥 / Waterloo Bridge / 滑铁卢桥  /  断桥残梦,['https://movie.douban.com/subject/1293964/'],导演:MervynLeRoy   主演:VivienLeigh/RobertTaylor/LucileWatson1940 / 美国 / 剧情战争爱情,['8.8'],['112114人评价'],['中国式内在的美国电影。'],['https://img1.doubanio.com/view/movie_poster_cover/ipst/public/p2351134499.jpg']
穿条纹睡衣的男孩 / The Boy in the Striped Pajamas / 穿条纹衣服的男孩  /  穿条纹衣的男孩,['https://movie.douban.com/subject/3008247/'],导演:马克·赫门MarkHerman   主演:阿沙·巴特菲尔德AsaButterfield/...2008 / 英国美国 / 剧情战争,['8.8'],['105442人评价'],['尽管有些不切实际的幻想，这部电影依旧是一部感人肺腑的佳作。'],['https://img3.doubanio.com/view/movie_poster_cover/ipst/public/p1473670352.jpg']
卢旺达饭店 / Hotel Rwanda / 卢安达饭店(台),['https://movie.douban.com/subject/1291822/'],导演:特瑞·乔治TerryGeorge   主演:唐·钱德尔DonCheadle/苏菲·奥...2004 / 英国南非意大利美国 / 剧情历史战争,['8.8'],['96300人评价'],['当这个世界闭上双眼，他却敞开了怀抱。'],['https://img3.doubanio.com/view/movie_poster_cover/ipst/public/p2159368352.jpg']
我是山姆 / I Am Sam / 不一样的爸爸(港)  /  他不笨，他是我爸爸(台),['https://movie.douban.com/subject/1306861/'],导演:杰茜·尼尔森JessieNelson   主演:SeanPenn/DakotaFanning/Mi...2001 / 美国 / 剧情家庭,['8.8'],['85024人评价'],['爱并不需要智商 。'],['https://img3.doubanio.com/view/movie_poster_cover/ipst/public/p652417775.jpg']
玩具总动员3 / Toy Story 3 / 反斗奇兵3(港)  /  玩具的故事3,['https://movie.douban.com/subject/1858711/'],导演:李·昂克里奇LeeUnkrich   主演:汤姆·汉克斯TomHanks/蒂姆·艾...2010 / 美国 / 喜剧动画奇幻冒险,['8.8'],['169534人评价'],['跨度十五年的欢乐与泪水。'],['https://img1.doubanio.com/view/movie_poster_cover/ipst/public/p1283675359.jpg']
红辣椒 / パプリカ / 盗梦侦探  /  帕布莉卡,['https://movie.douban.com/subject/1865703/'],导演:今敏SatoshiKon   主演:林原惠美MegumiHayashibara/古谷彻T...2006 / 日本 / 动画悬疑科幻惊悚,['8.8'],['93511人评价'],['梦的勾结。'],['https://img3.doubanio.com/view/movie_poster_cover/ipst/public/p672363704.jpg']
萤火之森 / 蛍火の杜へ / 萤火之社  /  Hotarubi no mori e,['https://movie.douban.com/subject/5989818/'],导演:大森贵弘TakahiroOmori   主演:佐仓绫音/内山昂辉KokiUchiyama2011 / 日本 / 剧情爱情动画奇幻,['8.8'],['121277人评价'],['触不到的恋人。'],['https://img1.doubanio.com/view/movie_poster_cover/ipst/public/p1272904657.jpg']
地球上的星星 / Taare Zameen Par / 心中的小星星(台)  /  每一个孩子都是特别的,['https://movie.douban.com/subject/2363506/'],导演:阿米尔·汗AamirKhan/阿莫尔·古普特AmoleGupte   主演:达席尔...2007 / 印度 / 剧情儿童家庭,['8.8'],['63017人评价'],['天使保护事件始末。'],['https://img3.doubanio.com/view/movie_poster_cover/ipst/public/p1973489335.jpg']
惊魂记 / Psycho / 精神病患者  /  触目惊心,['https://movie.douban.com/subject/1293181/'],导演:AlfredHitchcock   主演:JanetLeigh/AnthonyPerkins/VeraMiles1960 / 美国 / 悬疑恐怖,['8.8'],['63693人评价'],['故事的反转与反转，分裂电影的始祖。'],['https://img3.doubanio.com/view/movie_poster_cover/ipst/public/p1021883305.jpg']
哪吒闹海 / Prince Nezha's Triumph Against Dragon King  /  Nezha nao hai,['https://movie.douban.com/subject/1307315/'],导演:严定宪DingxianYan/王树忱ShuchenWang   主演:梁正晖/邱岳峰...1979 / 中国 / 冒险动画奇幻,['8.8'],['64570人评价'],['想你时你在闹海。'],['https://img1.doubanio.com/view/movie_poster_cover/ipst/public/p2163636038.jpg']
寿司之神 / Jiro Dreams of Sushi / 次郎的寿司梦  /  梦见寿司的次郎,['https://movie.douban.com/subject/6146955/'],导演:大卫·贾柏DavidGelb   主演:小野二郎JiroOno/小野祯一Yoshik...2011 / 美国 / 纪录片,['8.8'],['64624人评价'],['仪式主义的狂欢，偏执狂的完胜。'],['https://img3.doubanio.com/view/movie_poster_cover/ipst/public/p1528763106.jpg']
天使爱美丽 / Le fabuleux destin d'Amélie Poulain / 艾蜜莉的异想世界(台)  /  天使艾米莉,['https://movie.douban.com/subject/1292215/'],导演:Jean-PierreJeunet   主演:奥黛丽·塔图AudreyTautou/马修·卡索...2001 / 法国德国 / 喜剧爱情,['8.7'],['422916人评价'],['法式小清新。 '],['https://img3.doubanio.com/view/movie_poster_cover/ipst/public/p803896904.jpg']
七宗罪 / Se7en / 火线追缉令  /  7宗罪,['https://movie.douban.com/subject/1292223/'],导演:大卫·芬奇DavidFincher   主演:摩根·弗里曼MorganFreeman/布...1995 / 美国 / 剧情犯罪悬疑惊悚,['8.7'],['379809人评价'],['警察抓小偷，老鼠玩死猫。'],['https://img3.doubanio.com/view/movie_poster_cover/ipst/public/p457631605.jpg']
剪刀手爱德华 / Edward Scissorhands / 幻海奇缘  /  剪刀手爱德华,['https://movie.douban.com/subject/1292370/'],导演:TimBurton   主演:约翰尼·德普JohnnyDepp/薇诺娜·瑞德Winona...1990 / 美国 / 剧情奇幻爱情,['8.7'],['419475人评价'],['浪漫忧郁的成人童话。'],['https://img1.doubanio.com/view/movie_poster_cover/ipst/public/p480956937.jpg']
低俗小说 / Pulp Fiction / 黑色追緝令(台)  /  危险人物(港),['https://movie.douban.com/subject/1291832/'],导演:昆汀·塔伦蒂诺QuentinTarantino   主演:约翰·特拉沃尔塔JohnTra...1994 / 美国 / 剧情犯罪,['8.7'],['277801人评价'],['故事的高级讲法。'],['https://img3.doubanio.com/view/movie_poster_cover/ipst/public/p1910902213.jpg']
蝴蝶效应 / The Butterfly Effect / 蝴蝶效应,['https://movie.douban.com/subject/1292343/'],导演:埃里克.布雷斯EricBress/J.MackyeGruber   主演:阿什顿·库彻A...2004 / 美国加拿大 / 剧情悬疑科幻惊悚,['8.7'],['329230人评价'],['人的命运被自己瞬间的抉择改变。'],['https://img1.doubanio.com/view/movie_poster_cover/ipst/public/p793653648.jpg']
沉默的羔羊 / The Silence of the Lambs / 沉默的羔羊,['https://movie.douban.com/subject/1293544/'],导演:JonathanDemme   主演:JodieFoster/AnthonyHopkins/ScottGlenn1991 / 美国 / 剧情犯罪惊悚,['8.7'],['295715人评价'],['安东尼·霍普金斯的顶级表演。'],['https://img1.doubanio.com/view/movie_poster_cover/ipst/public/p1593414327.jpg']
本杰明·巴顿奇事 / The Curious Case of Benjamin Button / 奇幻逆缘(港)  /  返老还童,['https://movie.douban.com/subject/1485260/'],导演:大卫·芬奇DavidFincher   主演:布拉德·皮特BradPitt/凯特·布...2008 / 美国 / 剧情爱情奇幻,['8.7'],['341763人评价'],['在时间之河里感受溺水之苦。'],['https://img3.doubanio.com/view/movie_poster_cover/ipst/public/p2192535722.jpg']
黑客帝国 / The Matrix / 廿二世纪杀人网络(港)  /  骇客任务(台),['https://movie.douban.com/subject/1291843/'],导演:安迪·沃卓斯基AndyWachowski/拉娜·沃卓斯基LanaWachowski   主...1999 / 美国澳大利亚 / 动作科幻,['8.7'],['235343人评价'],['视觉革命。'],['https://img3.doubanio.com/view/movie_poster_cover/ipst/public/p1910908765.jpg']
大鱼 / Big Fish / 大鱼奇缘(港)  /  大智若鱼(台),['https://movie.douban.com/subject/1291545/'],导演:TimBurton   主演:EwanMcGregor/AlbertFinney/BillyCrudup2003 / 美国 / 剧情家庭奇幻冒险,['8.7'],['211917人评价'],['抱着梦想而活着的人是幸福的，怀抱梦想而死去的人是不朽的。'],['https://img3.doubanio.com/view/movie_poster_cover/ipst/public/p692813374.jpg']
心灵捕手 / Good Will Hunting / 骄阳似我(港)  /  心灵捕手,['https://movie.douban.com/subject/1292656/'],导演:格斯·范·桑特GusVanSant   主演:马特·达蒙MattDamon/罗宾·...1997 / 美国 / 剧情,['8.7'],['221095人评价'],['人生中应该拥有这样的一段豁然开朗。'],['https://img3.doubanio.com/view/movie_poster_cover/ipst/public/p480965695.jpg']
让子弹飞 / 让子弹飞一会儿  /  火烧云,['https://movie.douban.com/subject/3742360/'],导演:姜文WenJiang   主演:姜文WenJiang/葛优YouGe/周润发Yun-F...2010 / 中国大陆香港 / 剧情喜剧动作西部,['8.7'],['545797人评价'],['你给我翻译翻译，神马叫做TMD的惊喜。'],['https://img1.doubanio.com/view/movie_poster_cover/ipst/public/p1512562287.jpg']
阳光灿烂的日子 / In the Heat of the Sun,['https://movie.douban.com/subject/1291875/'],导演:姜文WenJiang   主演:夏雨YuXia/宁静JingNing/陶虹HongTao1994 / 中国大陆香港 / 剧情,['8.7'],['227353人评价'],['一场华丽的意淫。'],['https://img1.doubanio.com/view/movie_poster_cover/ipst/public/p967457079.jpg']
射雕英雄传之东成西就 / 射鵰英雄傳之東成西就 / 东成西就  /  大英雄 (日本),['https://movie.douban.com/subject/1316510/'],导演:刘镇伟JeffreyLau   主演:梁朝伟TonyLeungChiuWai/林青霞Bri...1993 / 香港 / 喜剧古装,['8.7'],['230401人评价'],['百看不厌。 '],['https://img3.doubanio.com/view/movie_poster_cover/ipst/public/p1993903133.jpg']
萤火虫之墓 / 火垂るの墓 / 再见萤火虫(港)  /  萤火挽歌,['https://movie.douban.com/subject/1293318/'],导演:高畑勋IsaoTakahata   主演:辰己努/白石绫乃/志乃原良子1988 / 日本 / 动画剧情战争,['8.7'],['174539人评价'],['幸福是生生不息，却难以触及的远。 '],['https://img1.doubanio.com/view/movie_poster_cover/ipst/public/p1157334208.jpg']
春光乍泄 / 春光乍洩 / 一起快乐  /  Happy Together,['https://movie.douban.com/subject/1292679/'],导演:王家卫   主演:梁朝伟/张国荣/张震1997 / 香港日本韩国 / 剧情爱情同性,['8.7'],['193227人评价'],['爱情纠缠，男女一致。'],['https://img3.doubanio.com/view/movie_poster_cover/ipst/public/p465939041.jpg']
甜蜜蜜 / Comrades: Almost a Love Story,['https://movie.douban.com/subject/1305164/'],导演:陈可辛PeterChan   主演:黎明LeonLai/张曼玉MaggieCheung/...1996 / 香港 / 剧情爱情,['8.7'],['194839人评价'],['逢只要一瞬间，等待却像是一辈子。'],['https://img3.doubanio.com/view/movie_poster_cover/ipst/public/p2223011274.jpg']
爱在黎明破晓前 / Before Sunrise / 情留半天(港)  /  爱在黎明破晓时(台),['https://movie.douban.com/subject/1296339/'],导演:理查德·林克莱特RichardLinklater   主演:伊桑·霍克EthanHawke...1995 / 美国奥地利瑞士 / 剧情爱情,['8.7'],['179822人评价'],['缘分是个连绵词，最美不过一瞬。'],['https://img3.doubanio.com/view/movie_poster_cover/ipst/public/p1486234122.jpg']
爱在日落黄昏时 / Before Sunset / 日落巴黎(港)  /  爱在日落巴黎时(台),['https://movie.douban.com/subject/1291990/'],导演:理查德·林克莱特RichardLinklater   主演:伊桑·霍克EthanHawke...2004 / 美国 / 剧情爱情,['8.7'],['167615人评价'],['九年后的重逢是世俗和责任的交叠，没了悸动和青涩，沧桑而温暖。'],['https://img3.doubanio.com/view/movie_poster_cover/ipst/public/p1910924055.jpg']
驯龙高手 / How to Train Your Dragon / 驯龙记(港),['https://movie.douban.com/subject/2353023/'],导演:迪恩·德布洛斯DeanDeBlois/克里斯·桑德斯ChrisSanders   主演:...2010 / 美国 / 喜剧动画奇幻冒险家庭,['8.7'],['242142人评价'],['和谐的生活离不开摸头与被摸头。'],['https://img1.doubanio.com/view/movie_poster_cover/ipst/public/p450042258.jpg']
超脱 / Detachment / 人间师格(台),['https://movie.douban.com/subject/5322596/'],导演:托尼·凯耶TonyKaye   主演:艾德里安·布洛迪AdrienBrody/克里...2011 / 美国 / 剧情,['8.7'],['139957人评价'],['穷尽一生，我们要学会的，不过是彼此拥抱。'],['https://img3.doubanio.com/view/movie_poster_cover/ipst/public/p1305562621.jpg']
布达佩斯大饭店 / The Grand Budapest Hotel / 布达佩斯大酒店(港)  /  欢迎来到布达佩斯大饭店(台),['https://movie.douban.com/subject/11525673/'],导演:韦斯·安德森WesAnderson   主演:拉尔夫·费因斯RalphFiennes/...2014 / 美国德国英国 / 剧情喜剧,['8.7'],['241511人评价'],['小清新的故事里注入了大历史的情怀。'],['https://img3.doubanio.com/view/movie_poster_cover/ipst/public/p2178872593.jpg']
菊次郎的夏天 / 菊次郎の夏 / Kikujirô no natsu  /  菊次郎的夏天,['https://movie.douban.com/subject/1293359/'],导演:北野武TakeshiKitano   主演:北野武TakeshiKitano/关口雄介Yus...1999 / 日本 / 剧情喜剧,['8.7'],['145459人评价'],['从没见过那么流氓的温柔，从没见过那么温柔的流氓。'],['https://img3.doubanio.com/view/movie_poster_cover/ipst/public/p751835224.jpg']
借东西的小人阿莉埃蒂 / 借りぐらしのアリエッティ / 借物少女艾莉缇(台)  /  借东西的小矮人亚莉亚蒂(港),['https://movie.douban.com/subject/4202302/'],导演:米林宏昌HiromasaYonebayashi   主演:志田未来MiraiShida/神木...2010 / 日本 / 动画奇幻冒险,['8.7'],['183364人评价'],['曾经的那段美好会沉淀为一辈子的记忆。'],['https://img3.doubanio.com/view/movie_poster_cover/ipst/public/p617533616.jpg']
谍影重重3 / The Bourne Ultimatum / 叛谍追击3：最后通牒(港)  /  神鬼认证：最后通牒 (台),['https://movie.douban.com/subject/1578507/'],导演:保罗·格林格拉斯PaulGreengrass   主演:马特·达蒙MattDamon/...2007 / 美国德国 / 动作悬疑冒险,['8.7'],['146423人评价'],['像吃了苏打饼一样干脆的电影。'],['https://img1.doubanio.com/view/movie_poster_cover/ipst/public/p792223507.jpg']
末代皇帝 / The Last Emperor / 末代皇帝溥仪(港),['https://movie.douban.com/subject/1293172/'],导演:贝纳尔多·贝托鲁奇BernardoBertolucci   主演:尊龙JohnLone/陈...1987 / 意大利中国大陆英国法国 / 剧情传记历史,['8.7'],['123572人评价'],['“不要跟我比惨，我比你更惨”再适合这部电影不过了。'],['https://img3.doubanio.com/view/movie_poster_cover/ipst/public/p452088641.jpg']
教父3 / The Godfather: Part III / 教父第三集  /  教父 III,['https://movie.douban.com/subject/1294240/'],导演:FrancisFordCoppola   主演:阿尔·帕西诺AlPacino/黛安·基顿D...1990 / 美国 / 剧情犯罪,['8.7'],['106658人评价'],['任何信念的力量，都无法改变命运。'],['https://img3.doubanio.com/view/movie_poster_cover/ipst/public/p2169664351.jpg']
英雄本色 / A Better Tomorrow  /  Gangland Boss,['https://movie.douban.com/subject/1297574/'],导演:吴宇森JohnWoo   主演:周润发Yun-FatChow/狄龙LungTi/张国...1986 / 香港 / 动作犯罪,['8.7'],['117842人评价'],['英雄泪短，兄弟情长。 '],['https://img3.doubanio.com/view/movie_poster_cover/ipst/public/p2157672975.jpg']
消失的爱人 / Gone Girl / 失踪的女孩  /  失踪女孩,['https://movie.douban.com/subject/21318488/'],导演:大卫·芬奇DavidFincher   主演:本·阿弗莱克BenAffleck/罗莎蒙...2014 / 美国 / 剧情犯罪悬疑惊悚,['8.7'],['276746人评价'],没有简介,['https://img3.doubanio.com/view/movie_poster_cover/ipst/public/p2221768894.jpg']
纵横四海 / 緃横四海 / Once a Thief,['https://movie.douban.com/subject/1295409/'],导演:吴宇森JohnWoo   主演:周润发Yun-FatChow/张国荣LeslieCheung...1991 / 香港 / 剧情喜剧动作犯罪,['8.7'],['113887人评价'],['香港浪漫主义警匪动作片的巅峰之作。'],['https://img1.doubanio.com/view/movie_poster_cover/ipst/public/p933122297.jpg']
碧海蓝天 / Le grand bleu / 碧海情深  /  夜海倾情,['https://movie.douban.com/subject/1300960/'],导演:LucBesson   主演:Jean-MarcBarr/JeanReno/RosannaArquette1988 / 法国美国意大利 / 剧情爱情,['8.7'],['97253人评价'],['在那片深蓝中，感受来自大海的忧伤寂寞与美丽自由。'],['https://img1.doubanio.com/view/movie_poster_cover/ipst/public/p455724599.jpg']
浪潮 / Die Welle / 恶魔教室(台)  /  白恤暴潮(港),['https://movie.douban.com/subject/2297265/'],导演:丹尼斯·甘塞尔DennisGansel   主演:约根·沃格尔JürgenVogel/...2008 / 德国 / 剧情,['8.7'],['104514人评价'],['世界离独裁只有五天。'],['https://img3.doubanio.com/view/movie_poster_cover/ipst/public/p1344888983.jpg']
恐怖直播 / 더 테러 라이브 / 死亡“动”新闻(港)  /  恐怖攻击直播(台),['https://movie.douban.com/subject/21360417/'],导演:金秉祐Byeong-wooKim   主演:河正宇Jung-wooHa/李璟荣Kyeong-y...2013 / 韩国 / 剧情犯罪悬疑,['8.7'],['150694人评价'],['恐怖分子的“秋菊打官司”。'],['https://img3.doubanio.com/view/movie_poster_cover/ipst/public/p2016930906.jpg']
喜宴 / The Wedding Banquet,['https://movie.douban.com/subject/1303037/'],导演:李安   主演:赵文瑄/归亚蕾/金素梅1993 / 台湾美国 / 剧情喜剧爱情同性家庭,['8.7'],['105387人评价'],['中国家庭的喜怒哀乐忍。'],['https://img3.doubanio.com/view/movie_poster_cover/ipst/public/p2173713676.jpg']
梦之安魂曲 / Requiem for a Dream / 噩梦挽歌(台)  /  迷上瘾(港),['https://movie.douban.com/subject/1292270/'],导演:达伦·阿伦诺夫斯基DarrenAronofsky   主演:艾伦·伯斯汀EllenBur...2000 / 美国 / 剧情,['8.7'],['89195人评价'],['一场没有春天的噩梦。'],['https://img3.doubanio.com/view/movie_poster_cover/ipst/public/p884936202.jpg']
罗生门 / 羅生門 / Rashomon,['https://movie.douban.com/subject/1291879/'],导演:黑泽明AkiraKurosawa   主演:三船敏郎ToshirôMifune/千秋实...1950 / 日本 / 犯罪剧情悬疑,['8.7'],['98038人评价'],['人生的N种可能性。'],['https://img1.doubanio.com/view/movie_poster_cover/ipst/public/p1864872647.jpg']
一次别离 / جدایی نادر از سیمین / 分居风暴(台)  /  伊朗式分居(港),['https://movie.douban.com/subject/5964718/'],导演:阿斯哈·法哈蒂AsgharFarhadi   主演:蕾拉·哈塔米LeilaHatami/...2011 / 伊朗 / 剧情家庭,['8.7'],['108725人评价'],['只有有信仰的人才能说出事实真相。'],['https://img3.doubanio.com/view/movie_poster_cover/ipst/public/p2189835254.jpg']
绿里奇迹 / The Green Mile / 绿色奇迹(台)  /  绿色英里,['https://movie.douban.com/subject/1300374/'],导演:FrankDarabont   主演:汤姆·汉克斯TomHanks/大卫·摩斯DavidM...1999 / 美国 / 犯罪剧情奇幻悬疑,['8.7'],['87626人评价'],['天使暂时离开。'],['https://img3.doubanio.com/view/movie_poster_cover/ipst/public/p767586451.jpg']
中央车站 / Central do Brasil / 千年等一天  /  Central Station,['https://movie.douban.com/subject/1292218/'],导演:WalterSalles   主演:FernandaMontenegro/MaríliaPêra/Viní...1998 / 巴西法国 / 剧情,['8.7'],['67468人评价'],['心灵救赎。'],['https://img3.doubanio.com/view/movie_poster_cover/ipst/public/p2239441575.jpg']
无敌破坏王 / Wreck-It Ralph / 破坏王拉尔夫  /  破坏王大冒险,['https://movie.douban.com/subject/6534248/'],导演:瑞奇·莫尔RichMoore   主演:简·林奇JaneLynch/约翰·C·赖利...2012 / 美国 / 喜剧动画冒险,['8.7'],['158646人评价'],['迪士尼和皮克斯拿错剧本的产物。'],['https://img3.doubanio.com/view/movie_poster_cover/ipst/public/p1735642656.jpg']
未麻的部屋 / Perfect Blue / 蓝色的恐惧  /  蓝色恐惧,['https://movie.douban.com/subject/1395091/'],导演:今敏SatoshiKon   主演:岩男润子JunkoIwao/松本梨香RicaMatsu...1997 / 日本 / 动画奇幻惊悚,['8.7'],['63033人评价'],['好的剧本是，就算你猜到了结局也猜不到全部。'],['https://img3.doubanio.com/view/movie_poster_cover/ipst/public/p1351050722.jpg']
荒蛮故事 / Relatos salvajes / 蛮荒故事  /  生命中最抓狂的小事(台),['https://movie.douban.com/subject/24750126/'],导演:DamiánSzifron   主演:里卡杜·达林RicardoDarín/艾丽卡·里瓦...2014 / 阿根廷西班牙 / 剧情喜剧犯罪,['8.7'],['88038人评价'],没有简介,['https://img3.doubanio.com/view/movie_poster_cover/ipst/public/p2192834364.jpg']
大卫·戈尔的一生 / The Life of David Gale / 铁案悬谜  /  命悬一线,['https://movie.douban.com/subject/1305725/'],导演:AlanParker   主演:凯文·史派西KevinSpacey/凯特·温丝莱特Kat...2003 / 美国德国英国 / 剧情犯罪悬疑,['8.7'],['66685人评价'],['捍卫人权只是信仰，一点不妨碍其行为的残忍。'],['https://img1.doubanio.com/view/movie_poster_cover/ipst/public/p2186861098.jpg']
千钧一发 / Gattaca / 变种异煞  /  自然人,['https://movie.douban.com/subject/1300117/'],导演:安德鲁·尼科尔AndrewNiccol   主演:伊桑·霍克EthanHawke/乌玛...1997 / 美国 / 剧情科幻,['8.7'],['63647人评价'],['一部能引人思考的科幻励志片。'],['https://img3.doubanio.com/view/movie_poster_cover/ipst/public/p2195672555.jpg']
跳出我天地 / Billy Elliot / 舞动人生  /  芭蕾之梦,['https://movie.douban.com/subject/1301169/'],导演:StephenDaldry   主演:JamieBell/JulieWalters/GaryLewis2000 / 英国法国 / 剧情儿童歌舞家庭,['8.7'],['52233人评价'],['家人的爱，是自己所能拥有的最大的财富。'],['https://img1.doubanio.com/view/movie_poster_cover/ipst/public/p531278288.jpg']
西西里的美丽传说 / Malèna / 真爱伴我行(台)  /  玛莲娜,['https://movie.douban.com/subject/1292402/'],导演:朱塞佩·托纳多雷GiuseppeTornatore   主演:莫妮卡·贝鲁奇Monica...2000 / 意大利美国 / 剧情战争情色,['8.6'],['282945人评价'],['美丽无罪。'],['https://img3.doubanio.com/view/movie_poster_cover/ipst/public/p792400696.jpg']
重庆森林 / 重慶森林 / Chungking Express,['https://movie.douban.com/subject/1291999/'],导演:王家卫KarWaiWong   主演:林青霞BrigitteLin/金城武TakeshiK...1994 / 香港 / 剧情爱情,['8.6'],['259770人评价'],['寂寞没有期限。'],['https://img1.doubanio.com/view/movie_poster_cover/ipst/public/p2276728977.jpg']
禁闭岛 / Shutter Island / 不赦岛(港)  /  隔离岛(台),['https://movie.douban.com/subject/2334904/'],导演:MartinScorsese   主演:莱昂纳多·迪卡普里奥LeonardoDiCaprio/...2010 / 美国 / 剧情悬疑惊悚,['8.6'],['298833人评价'],['昔日翩翩少年，今日大腹便便。'],['https://img1.doubanio.com/view/movie_poster_cover/ipst/public/p1832875827.jpg']
致命ID / Identity / 杀人游戏  /  致命身份,['https://movie.douban.com/subject/1297192/'],导演:JamesMangold   主演:JohnCusack/RayLiotta/AmandaPeet2003 / 美国 / 剧情悬疑惊悚,['8.6'],['261357人评价'],['最不可能的那个人永远是最可能的。'],['https://img3.doubanio.com/view/movie_poster_cover/ipst/public/p453720880.jpg']
告白 / 自白  /  母亲,['https://movie.douban.com/subject/4268598/'],导演:中岛哲也TetsuyaNakashima   主演:松隆子TakakoMatsu/冈田将生...2010 / 日本 / 剧情惊悚,['8.6'],['281874人评价'],['没有一人完全善，也没有一人完全恶。'],['https://img3.doubanio.com/view/movie_poster_cover/ipst/public/p689520756.jpg']
阿凡达 / Avatar / 天神下凡  /  化身,['https://movie.douban.com/subject/1652587/'],导演:詹姆斯·卡梅隆JamesCameron   主演:萨姆·沃辛顿SamWorthington...2009 / 美国英国 / 动作冒险奇幻科幻,['8.6'],['461591人评价'],['绝对意义上的美轮美奂。'],['https://img3.doubanio.com/view/movie_poster_cover/ipst/public/p1204213484.jpg']
猫鼠游戏 / Catch Me If You Can / 逍遥法外  /  神鬼交锋(台),['https://movie.douban.com/subject/1305487/'],导演:史蒂文·斯皮尔伯格StevenSpielberg   主演:莱昂纳多·迪卡普里奥L...2002 / 美国加拿大 / 传记犯罪剧情,['8.6'],['174153人评价'],['骗子大师和执著警探的你追我跑故事。 '],['https://img3.doubanio.com/view/movie_poster_cover/ipst/public/p453924541.jpg']
幸福终点站 / The Terminal / 机场客运站(港)  /  航站情缘(台),['https://movie.douban.com/subject/1292274/'],导演:史蒂文·斯皮尔伯格StevenSpielberg   主演:汤姆·汉克斯TomHanks...2004 / 美国 / 喜剧剧情爱情,['8.6'],['196658人评价'],['有时候幸福需要等一等。 '],['https://img1.doubanio.com/view/movie_poster_cover/ipst/public/p854757687.jpg']
电锯惊魂 / Saw / 夺魂锯  /  恐惧斗室,['https://movie.douban.com/subject/1417598/'],导演:詹姆斯·温JamesWan   主演:雷·沃纳尔LeighWhannell/加利·艾...2004 / 美国澳大利亚 / 犯罪悬疑惊悚,['8.6'],['169826人评价'],['真相就在眼前。'],['https://img3.doubanio.com/view/movie_poster_cover/ipst/public/p2163771304.jpg']
雨人 / Rain Man / 手足情未了  /  手足情深,['https://movie.douban.com/subject/1291870/'],导演:巴瑞·莱文森BarryLevinson   主演:达斯汀·霍夫曼DustinHoffman...1988 / 美国 / 剧情,['8.6'],['180327人评价'],['生活在自己的世界里，也可以让周围的人显得可笑和渺小。'],['https://img3.doubanio.com/view/movie_poster_cover/ipst/public/p942376281.jpg']
岁月神偷 / 歲月神偷 / 1969太空漫游  /  Echoes Of The Rainbow,['https://movie.douban.com/subject/3792799/'],导演:罗启锐AlexLaw   主演:吴君如SandraNg/任达华SimonYam/钟绍...2010 / 香港中国大陆 / 剧情家庭,['8.6'],['264994人评价'],['岁月流逝，来日可追。'],['https://img3.doubanio.com/view/movie_poster_cover/ipst/public/p517829051.jpg']
穿越时空的少女 / 時をかける少女 / 跳跃吧！时空少女(台)  /  Toki o kakeru shôjo,['https://movie.douban.com/subject/1937946/'],导演:细田守MamoruHosoda   主演:仲里依纱RiisaNaka/石田卓也Takuya...2006 / 日本 / 剧情爱情科幻动画,['8.6'],['154467人评价'],['爱上未来的你。 '],['https://img3.doubanio.com/view/movie_poster_cover/ipst/public/p2079334286.jpg']
"怪兽电力公司 / Monsters, Inc. / 怪兽公司(港)  /  怪物公司",['https://movie.douban.com/subject/1291579/'],导演:彼特·道格特PeteDocter/大卫·斯沃曼DavidSilverman   主演:约...2001 / 美国 / 喜剧动画儿童奇幻,['8.6'],['196156人评价'],['不要给它起名字，起了名字就有感情了。'],['https://img1.doubanio.com/view/movie_poster_cover/ipst/public/p1805127697.jpg']
杀人回忆 / 살인의 추억 / 谋杀回忆  /  杀手回忆录,['https://movie.douban.com/subject/1300299/'],导演:奉俊昊Joon-hoBong   主演:宋康昊Kang-hoSong/金相庆Sang-kyun...2003 / 韩国 / 犯罪剧情悬疑惊悚,['8.6'],['159554人评价'],['关于连环杀人悬案的集体回忆。'],['https://img1.doubanio.com/view/movie_poster_cover/ipst/public/p480225538.jpg']
人工智能 / Artificial Intelligence: AI / AI人工智慧,['https://movie.douban.com/subject/1302827/'],导演:StevenSpielberg   主演:HaleyJoelOsment/FrancesO'Connor/Sa...2001 / 美国 / 冒险剧情科幻,['8.6'],['162003人评价'],['对爱的执着，可以超越一切。'],['https://img1.doubanio.com/view/movie_poster_cover/ipst/public/p792257137.jpg']
撞车 / Crash / 冲击效应  /  冲撞,['https://movie.douban.com/subject/1388216/'],导演:保罗·哈吉斯PaulHaggis   主演:桑德拉·布洛克SandraBullock/...2004 / 美国德国 / 犯罪剧情,['8.6'],['150548人评价'],['天使与魔鬼的冲撞。'],['https://img3.doubanio.com/view/movie_poster_cover/ipst/public/p2075132390.jpg']
海盗电台 / The Boat That Rocked / 出位乐人谷(港)  /  海盗电波,['https://movie.douban.com/subject/3007773/'],导演:理查德·柯蒂斯RichardCurtis   主演:比尔·奈伊BillNighy/肯尼...2009 / 英国德国法国 / 剧情喜剧音乐,['8.6'],['149513人评价'],['生命不止，摇滚不死。'],['https://img3.doubanio.com/view/movie_poster_cover/ipst/public/p769608791.jpg']
可可西里 / Kekexili: Mountain Patrol,['https://movie.douban.com/subject/1308857/'],导演:陆川ChuanLu   主演:多布杰Duobujie/张磊LeiZhang/亓亮QiL...2004 / 中国大陆香港 / 剧情,['8.6'],['109288人评价'],['坚硬的信仰。'],['https://img3.doubanio.com/view/movie_poster_cover/ipst/public/p1159398311.jpg']
哈利·波特与死亡圣器(下) / Harry Potter and the Deathly Hallows: Part 2 / 哈利波特7：死神的圣物2(港 / 台) ,['https://movie.douban.com/subject/3011235/'],导演:大卫·叶茨DavidYates   主演:丹尼尔·雷德克里夫DanielRadcliffe...2011 / 美国英国 / 剧情悬疑奇幻冒险,['8.6'],['229498人评价'],['10年的完美句点。'],['https://img3.doubanio.com/view/movie_poster_cover/ipst/public/p917846733.jpg']
荒野生存 / Into the Wild / 浪荡天涯(港)  /  阿拉斯加之死(台),['https://movie.douban.com/subject/1905462/'],导演:西恩·潘SeanPenn   主演:埃米尔·赫斯基EmileHirsch/马西娅·...2007 / 美国 / 冒险传记剧情,['8.6'],['108369人评价'],['出门必备：本草纲目。'],['https://img1.doubanio.com/view/movie_poster_cover/ipst/public/p465687407.jpg']
7号房的礼物 / 7번방의 선물 / 戆爸的礼物(港)  /  7号囚房的礼物,['https://movie.douban.com/subject/10777687/'],导演:李焕庆Hwan-kyeongLee   主演:柳承龙Seung-yongRyoo/朴信惠Shi...2013 / 韩国 / 剧情喜剧家庭,['8.6'],['128928人评价'],['《我是山姆》的《美丽人生》。'],['https://img3.doubanio.com/view/movie_poster_cover/ipst/public/p1816276065.jpg']
燕尾蝶 / スワロウテイル / Swallowtail Butterfly  /  Suwarôteiru,['https://movie.douban.com/subject/1307793/'],导演:岩井俊二ShunjiIwai   主演:三上博史/恰拉/伊藤步1996 / 日本 / 犯罪剧情,['8.6'],['95068人评价'],['现实与童话交相辉映的旅程。'],['https://img3.doubanio.com/view/movie_poster_cover/ipst/public/p532195562.jpg']
卡萨布兰卡 / Casablanca / 北非谍影(港)  /  卡萨布兰卡,['https://movie.douban.com/subject/1296753/'],导演:MichaelCurtiz   主演:亨弗莱·鲍嘉HumphreyBogart/英格丽·褒曼...1942 / 美国 / 剧情爱情战争,['8.6'],['104052人评价'],['与同名歌曲无关。'],['https://img3.doubanio.com/view/movie_poster_cover/ipst/public/p1244791866.jpg']
叫我第一名 / Front of the Class / 开放有爱  /  站在教室前,['https://movie.douban.com/subject/4798888/'],导演:PeterWerner   主演:詹姆斯·沃克JamesWolk/特里特·威廉斯Trea...2008 / 美国 / 剧情传记,['8.6'],['91651人评价'],['乐观比一切都有力量。'],['https://img1.doubanio.com/view/movie_poster_cover/ipst/public/p628364149.jpg']
时空恋旅人 / About Time / 时空旅恋人  /  回到最爱的一天(港),['https://movie.douban.com/subject/10577869/'],导演:理查德·柯蒂斯RichardCurtis   主演:多姆纳尔·格利森DomhnallGl...2013 / 英国 / 剧情爱情奇幻,['8.6'],['146003人评价'],['把每天当作最后一天般珍惜度过，积极拥抱生活，就是幸福。'],['https://img3.doubanio.com/view/movie_poster_cover/ipst/public/p2070153774.jpg']
心迷宫 / 殡棺  /  The Coffin in the Mountain,['https://movie.douban.com/subject/25917973/'],导演:忻钰坤YukunXin   主演:霍卫民WeiminHuo/王笑天XiaotianWang...2014 / 中国大陆 / 剧情犯罪悬疑,['8.6'],['103083人评价'],没有简介,['https://img3.doubanio.com/view/movie_poster_cover/ipst/public/p2275298525.jpg']
非常嫌疑犯 / The Usual Suspects / 刺激惊爆点(台)  /  普通嫌疑犯,['https://movie.douban.com/subject/1292214/'],导演:布莱恩·辛格BryanSinger   主演:KevinSpacey/StephenBaldwin/...1995 / 德国美国 / 剧情犯罪悬疑惊悚,['8.6'],['94529人评价'],['我不信仰上帝，但我敬畏上帝。'],['https://img3.doubanio.com/view/movie_poster_cover/ipst/public/p470383576.jpg']
上帝也疯狂 / The Gods Must Be Crazy / 众神也疯狂 (上)  /  上帝一定发疯了 (上),['https://movie.douban.com/subject/1297478/'],导演:JamieUys   主演:MariusWeyers/SandraPrinsloo/N!xau1980 / 博茨瓦纳南非 / 喜剧,['8.6'],['81362人评价'],['纯净原始的笑与感动。'],['https://img1.doubanio.com/view/movie_poster_cover/ipst/public/p2173719647.jpg']
超能陆战队 / Big Hero 6 / 大英雄联盟(港)  /  大英雄天团(台),['https://movie.douban.com/subject/11026735/'],导演:唐·霍尔DonHall/克里斯·威廉姆斯ChrisWilliams   主演:斯科特...2014 / 美国 / 喜剧动作科幻动画冒险,['8.6'],['298611人评价'],没有简介,['https://img1.doubanio.com/view/movie_poster_cover/ipst/public/p2224568669.jpg']
末路狂花 / Thelma & Louise / 塞尔玛与路易丝  /  末路狂花,['https://movie.douban.com/subject/1291992/'],导演:雷德利·斯科特RidleyScott   主演:吉娜·戴维斯GeenaDavis/苏...1991 / 美国法国 / 犯罪剧情惊悚,['8.6'],['81809人评价'],['没有了退路，只好飞向自由。'],['https://img3.doubanio.com/view/movie_poster_cover/ipst/public/p794583044.jpg']
蝴蝶 / Le Papillon / The Butterfly  /  蝴蝶,['https://movie.douban.com/subject/1292056/'],导演:菲利普·穆伊尔PhilippeMuyl   主演:米歇尔·塞罗MichelSerrault...2002 / 法国 / 剧情儿童喜剧,['8.6'],['84674人评价'],['我们长途跋涉寻找的东西，有可能一直就在身边。 '],['https://img3.doubanio.com/view/movie_poster_cover/ipst/public/p1451436171.jpg']
达拉斯买家俱乐部 / Dallas Buyers Club / 续命枭雄(港)  /  药命俱乐部(台),['https://movie.douban.com/subject/1793929/'],导演:让-马克·瓦雷Jean-MarcVallée   主演:马修·麦康纳MatthewMcCon...2013 / 美国 / 剧情传记同性,['8.6'],['131910人评价'],['Jared Leto的腿比女人还美！'],['https://img1.doubanio.com/view/movie_poster_cover/ipst/public/p2166160837.jpg']
巴黎淘气帮 / Le petit Nicolas / 小淘气尼古拉(台)  /  反斗小尼哥(港),['https://movie.douban.com/subject/3157605/'],导演:LaurentTirard   主演:马克西姆·戈达尔MaximeGodart/瓦莱丽·勒...2009 / 法国比利时 / 儿童喜剧家庭,['8.6'],['94041人评价'],['四百击的反面。'],['https://img1.doubanio.com/view/movie_poster_cover/ipst/public/p465446537.jpg']
牯岭街少年杀人事件 / 牯嶺街少年殺人事件 / A Brighter Summer Day,['https://movie.douban.com/subject/1292329/'],导演:杨德昌EdwardYang   主演:张震ChenChang/杨静怡LisaYang/张...1991 / 台湾 / 剧情犯罪,['8.6'],['77793人评价'],['弱者送给弱者的一刀。'],['https://img3.doubanio.com/view/movie_poster_cover/ipst/public/p848381236.jpg']
不一样的天空 / What's Eating Gilbert Grape / 恋恋情深  /  什么吞噬着吉尔伯特·格雷普,['https://movie.douban.com/subject/1301617/'],导演:莱塞·霍尔斯道姆LasseHallström   主演:约翰尼·德普JohnnyDe...1993 / 美国 / 剧情爱情家庭,['8.6'],['70051人评价'],['生命有裂缝，阳光才照得进来。'],['https://img3.doubanio.com/view/movie_poster_cover/ipst/public/p2175712032.jpg']
爆裂鼓手 / Whiplash / 鼓动真我(港)  /  进击的鼓手(台),['https://movie.douban.com/subject/25773932/'],导演:达米安·沙泽勒DamienChazelle   主演:迈尔斯·特勒MilesTeller/...2014 / 美国 / 剧情音乐,['8.6'],['174697人评价'],没有简介,['https://img3.doubanio.com/view/movie_poster_cover/ipst/public/p2220776342.jpg']
我们俩 / Wo men lia  /  You and Me,['https://movie.douban.com/subject/1756073/'],导演:马俪文LiwenMa   主演:宫哲ZheGong/金雅琴YaqinJin/罗忠学...2005 / 中国大陆 / 剧情,['8.6'],['64115人评价'],['想外婆了，有没有？！'],['https://img3.doubanio.com/view/movie_poster_cover/ipst/public/p2173725381.jpg']
加勒比海盗 / Pirates of the Caribbean: The Curse of the Black Pearl / 加勒比海盗1：黑珍珠号的诅咒  /  神鬼奇航：鬼盗船魔咒(台),['https://movie.douban.com/subject/1298070/'],导演:戈尔·维宾斯基GoreVerbinski   主演:约翰尼·德普JohnnyDepp/...2003 / 美国 / 动作冒险奇幻,['8.5'],['281314人评价'],['约翰尼·德普的独角戏。'],['https://img3.doubanio.com/view/movie_poster_cover/ipst/public/p1596085504.jpg']
断背山 / Brokeback Mountain / 断臂山,['https://movie.douban.com/subject/1418834/'],导演:李安AngLee   主演:希斯·莱杰HeathLedger/杰克·吉伦哈尔Jake...2005 / 美国加拿大 / 剧情爱情同性家庭,['8.5'],['268925人评价'],['每个人心中都有一座断背山。'],['https://img1.doubanio.com/view/movie_poster_cover/ipst/public/p513535588.jpg']
神偷奶爸 / Despicable Me / 卑鄙的我  /  坏蛋奖门人(港),['https://movie.douban.com/subject/3287562/'],导演:皮艾尔·柯芬PierreCoffin/克里斯·雷纳德ChrisRenaud   主演:...2010 / 美国 / 儿童喜剧动画,['8.5'],['314269人评价'],"[""Mr. I Don't Care其实也有Care的时候。""]",['https://img1.doubanio.com/view/movie_poster_cover/ipst/public/p792776858.jpg']
真爱至上 / Love Actually / 爱是您，爱是我(台)  /  真的恋爱了(港),['https://movie.douban.com/subject/1292401/'],导演:理查德·柯蒂斯RichardCurtis   主演:休·格兰特HughGrant/柯林...2003 / 英国美国 / 喜剧剧情爱情,['8.5'],['266131人评价'],['爱，是个动词。'],['https://img3.doubanio.com/view/movie_poster_cover/ipst/public/p475600770.jpg']
贫民窟的百万富翁 / Slumdog Millionaire / 贫民百万富翁(台)  /  一百万零一夜(港),['https://movie.douban.com/subject/2209573/'],导演:丹尼·鲍尔DannyBoyle/洛芙琳·坦丹LoveleenTandan   主演:戴夫...2008 / 英国美国 / 剧情爱情,['8.5'],['351602人评价'],['上帝之城+猜火车+阿甘正传+开心辞典=山寨富翁'],['https://img1.doubanio.com/view/movie_poster_cover/ipst/public/p470476887.jpg']
记忆碎片 / Memento / 失忆  /  记忆拼图,['https://movie.douban.com/subject/1304447/'],导演:ChristopherNolan   主演:GuyPearce/Carrie-AnneMoss/JoePant...2000 / 美国 / 犯罪剧情悬疑惊悚,['8.5'],['233055人评价'],['一个针管引发的血案。'],['https://img3.doubanio.com/view/movie_poster_cover/ipst/public/p641688453.jpg']
东邪西毒 / 東邪西毒 / Ashes of Time,['https://movie.douban.com/subject/1292328/'],导演:王家卫KarWaiWong   主演:张国荣LeslieCheung/张曼玉MaggieC...1994 / 香港台湾 / 剧情动作爱情武侠古装,['8.5'],['213304人评价'],['电影诗。'],['https://img3.doubanio.com/view/movie_poster_cover/ipst/public/p1982176012.jpg']
恋恋笔记本 / The Notebook / 深情日记  /  写我情真,['https://movie.douban.com/subject/1309163/'],导演:尼克·卡索维茨NickCassavetes   主演:瑞恩·高斯林RyanGosling/...2004 / 美国 / 剧情爱情,['8.5'],['229355人评价'],['爱情没有那么多借口，如果不能圆满，只能说明爱的不够。 '],['https://img3.doubanio.com/view/movie_poster_cover/ipst/public/p483604864.jpg']
倩女幽魂 / 倩女幽魂(87版)  /  A Chinese Ghost Story,['https://movie.douban.com/subject/1297447/'],导演:程小东Siu-TungChing   主演:张国荣LeslieCheung/王祖贤JoeyW...1987 / 香港 / 剧情爱情武侠古装,['8.5'],['201498人评价'],['两张绝世的脸。 '],['https://img3.doubanio.com/view/movie_poster_cover/ipst/public/p2270088353.jpg']
猜火车 / Trainspotting / 迷幻列车  /  定位的火车,['https://movie.douban.com/subject/1292528/'],导演:丹尼·鲍尔DannyBoyle   主演:伊万·麦克格雷格EwanMcGregor/艾...1996 / 英国 / 犯罪剧情,['8.5'],['208861人评价'],['不可猜的青春迷笛。 '],['https://img1.doubanio.com/view/movie_poster_cover/ipst/public/p453198997.jpg']
哈利·波特与魔法石 / Harry Potter and the Sorcerer's Stone / 哈利波特1：神秘的魔法石(港 / 台) ,['https://movie.douban.com/subject/1295038/'],导演:ChrisColumbus   主演:DanielRadcliffe/EmmaWatson/RupertGrint2001 / 美国英国 / 奇幻冒险,['8.5'],['195525人评价'],['童话世界的开端。'],['https://img3.doubanio.com/view/movie_poster_cover/ipst/public/p804947166.jpg']
黑天鹅 / Black Swan / 夺命黑天鹅  /  霸王别鹅(豆友译名),['https://movie.douban.com/subject/1978709/'],导演:达伦·阿罗诺夫斯基DarrenAronofsky   主演:娜塔丽·波曼NatalieP...2010 / 美国 / 剧情惊悚,['8.5'],['359088人评价'],['黑暗之美。'],['https://img3.doubanio.com/view/movie_poster_cover/ipst/public/p719282906.jpg']
秒速5厘米 / 秒速5センチメートル / 秒速五厘米  /  秒速5公分,['https://movie.douban.com/subject/2043546/'],导演:新海诚MakotoShinkai   主演:水桥研二KenjiMizuhashi/近藤好美...2007 / 日本 / 动画剧情爱情,['8.5'],['230947人评价'],['青春就是放弃和怀念。'],['https://img3.doubanio.com/view/movie_poster_cover/ipst/public/p982896012.jpg']
朗读者 / The Reader / 为爱朗读(台)  /  读爱(港),['https://movie.douban.com/subject/2213597/'],导演:史蒂芬·戴德利StephenDaldry   主演:凯特·温丝莱特KateWinslet...2008 / 美国德国 / 剧情爱情,['8.5'],['243737人评价'],['当爱情跨越年龄的界限，它似乎能变得更久远一点，成为一种责任，一种水到渠成的相濡以沫。 '],['https://img1.doubanio.com/view/movie_poster_cover/ipst/public/p1140984198.jpg']
战争之王 / Lord of War / 军火之王(台 / 港) ,['https://movie.douban.com/subject/1419936/'],导演:AndrewNiccol   主演:NicolasCage/EthanHawke/JaredLeto2005 / 美国法国 / 剧情犯罪,['8.5'],['148495人评价'],['做一颗让别人需要你的棋子。'],['https://img3.doubanio.com/view/movie_poster_cover/ipst/public/p453719066.jpg']
谍影重重 / The Bourne Identity / 叛谍追击(港)  /  神鬼认证(台),['https://movie.douban.com/subject/1304102/'],导演:道格·里曼DougLiman   主演:马特·达蒙MattDamon/弗兰卡·波坦...2002 / 美国德国捷克 / 动作悬疑冒险,['8.5'],['155098人评价'],['哗啦啦啦啦，天在下雨，哗啦啦啦啦，云在哭泣……找自己。'],['https://img3.doubanio.com/view/movie_poster_cover/ipst/public/p1597183981.jpg']
勇闯夺命岛 / The Rock / 石破天惊  /  绝地任务,['https://movie.douban.com/subject/1292728/'],导演:迈克尔·贝MichaelBay   主演:肖恩·康纳利SeanConnery/尼古拉...1996 / 美国 / 动作冒险,['8.5'],['120935人评价'],['类型片的极致。 '],['https://img3.doubanio.com/view/movie_poster_cover/ipst/public/p1483586933.jpg']
谍影重重2 / The Bourne Supremacy / 叛谍追击2：机密圈套(港)  /  神鬼认证：神鬼疑云(台),['https://movie.douban.com/subject/1308767/'],导演:保罗·格林格拉斯PaulGreengrass   主演:马特·达蒙MattDamon/...2004 / 美国德国 / 动作悬疑冒险,['8.5'],['126859人评价'],['谁说王家卫镜头很晃？'],['https://img3.doubanio.com/view/movie_poster_cover/ipst/public/p667644866.jpg']
阿飞正传 / 阿飛正傳 / Days of Being Wild,['https://movie.douban.com/subject/1305690/'],导演:王家卫KarWaiWong   主演:张国荣LeslieCheung/张曼玉MaggieC...1990 / 香港 / 犯罪剧情爱情,['8.5'],['140632人评价'],['王家卫是一种风格，张国荣是一个代表。'],['https://img3.doubanio.com/view/movie_poster_cover/ipst/public/p924558512.jpg']
这个男人来自地球 / The Man from Earth / 地球不死人(港)  /  这个人来自洞穴,['https://movie.douban.com/subject/2300586/'],导演:理查德·沙因克曼RichardSchenkman   主演:大卫·李·史密斯David...2007 / 美国 / 剧情科幻,['8.5'],['141616人评价'],['科幻真正的魅力不是视觉效果能取代的。 '],['https://img3.doubanio.com/view/movie_poster_cover/ipst/public/p513303986.jpg']
E.T. 外星人 / E.T.: The Extra-Terrestrial / 外星人E.T.  /  外星人,['https://movie.douban.com/subject/1294638/'],导演:StevenSpielberg   主演:HenryThomas/DeeWallace/RobertMacNa...1982 / 美国 / 剧情科幻奇幻冒险,['8.5'],['128121人评价'],['生病的E.T.皮肤的颜色就像柿子饼。'],['https://img3.doubanio.com/view/movie_poster_cover/ipst/public/p984732992.jpg']
蝙蝠侠：黑暗骑士崛起 / The Dark Knight Rises / 蝙蝠侠前传3：黑暗骑士崛起  /  黑暗骑士：黎明升起(台),['https://movie.douban.com/subject/3395373/'],导演:克里斯托弗·诺兰ChristopherNolan   主演:克里斯蒂安·贝尔Christ...2012 / 美国英国 / 剧情动作科幻犯罪惊悚,['8.5'],['250317人评价'],['诺兰就是保证。'],['https://img3.doubanio.com/view/movie_poster_cover/ipst/public/p1706428744.jpg']
再次出发之纽约遇见你 / Begin Again / 再次出发  /  歌曲改变人生,['https://movie.douban.com/subject/6874403/'],导演:约翰·卡尼JohnCarney   主演:凯拉·奈特莉KeiraKnightley/马克...2013 / 美国 / 喜剧爱情音乐,['8.5'],['122941人评价'],['爱我就给我看你的播放列表。'],['https://img3.doubanio.com/view/movie_poster_cover/ipst/public/p2250287733.jpg']
终结者2：审判日 / Terminator 2: Judgment Day / 终结者2  /  终结者2：末日审判,['https://movie.douban.com/subject/1291844/'],导演:詹姆斯·卡梅隆JamesCameron   主演:阿诺·施瓦辛格ArnoldSchwarz...1991 / 美国法国 / 动作科幻,['8.5'],['117516人评价'],['少见的超越首部的续集，动作片中的经典。'],['https://img3.doubanio.com/view/movie_poster_cover/ipst/public/p1910909085.jpg']
被解救的姜戈 / Django Unchained / 被解放的姜戈  /  决杀令(台),['https://movie.douban.com/subject/6307447/'],导演:昆汀·塔伦蒂诺QuentinTarantino   主演:杰米·福克斯JamieFoxx/...2012 / 美国 / 剧情动作西部冒险,['8.5'],['219939人评价'],['热血沸腾，那个低俗、性感的无耻混蛋又来了。'],['https://img1.doubanio.com/view/movie_poster_cover/ipst/public/p1959232369.jpg']
麦兜故事 / 麥兜故事 / 麦兜的故事  /  My Life as McDull,['https://movie.douban.com/subject/1302476/'],导演:袁建滔ToeYuen   主演:李晋纬/林海峰JanLamb/吴君如SandraNg2001 / 香港 / 剧情喜剧动画,['8.5'],['110926人评价'],['麦兜是一只很哲学的猪。 '],['https://img3.doubanio.com/view/movie_poster_cover/ipst/public/p804938713.jpg']
遗愿清单 / The Bucket List / 玩转身前事(港)  /  一路玩到挂(台),['https://movie.douban.com/subject/1867345/'],导演:罗伯·莱纳RobReiner   主演:杰克·尼科尔森JackNicholson/摩根...2007 / 美国 / 冒险喜剧剧情,['8.5'],['101470人评价'],['用剩余不多的时间，去燃烧整个生命。'],['https://img3.doubanio.com/view/movie_poster_cover/ipst/public/p708613284.jpg']
偷拐抢骗 / Snatch / 边个够我姜(港)  /  掠夺,['https://movie.douban.com/subject/1301171/'],导演:盖·里奇GuyRitchie   主演:布拉德·皮特BradPitt/本尼西奥·德...2000 / 英国美国 / 喜剧犯罪,['8.5'],['97412人评价'],['典型盖·里奇式的英国黑色幽默黑帮片。'],['https://img1.doubanio.com/view/movie_poster_cover/ipst/public/p616753227.jpg']
血钻 / Blood Diamond / 血腥钻石  /  滴血钻石,['https://movie.douban.com/subject/1428175/'],导演:EdwardZwick   主演:LeonardoDiCaprio/JenniferConnelly/Djimo...2006 / 美国德国 / 剧情惊悚冒险,['8.5'],['104895人评价'],['每个美丽事物背后都是滴血的现实。'],['https://img1.doubanio.com/view/movie_poster_cover/ipst/public/p554741987.jpg']
月球 / Moon / 月劫余生(港)  /  寂寞月影,['https://movie.douban.com/subject/3073124/'],导演:DuncanJones   主演:SamRockwell/KevinSpacey/DominiqueMcEll...2009 / 英国 / 剧情悬疑科幻,['8.5'],['117406人评价'],['2009媲美《第九区》的又一部科幻神作。'],['https://img3.doubanio.com/view/movie_poster_cover/ipst/public/p449399746.jpg']
廊桥遗梦 / The Bridges of Madison County / 麦迪逊之桥(港 / 台),['https://movie.douban.com/subject/1293929/'],导演:ClintEastwood   主演:ClintEastwood/MerylStreep/AnnieCorley1995 / 美国 / 剧情爱情,['8.5'],['79094人评价'],['这样确切的爱，一生只有一次。'],['https://img3.doubanio.com/view/movie_poster_cover/ipst/public/p616768086.jpg']
枪火 / 鎗火 / The Mission,['https://movie.douban.com/subject/1300741/'],导演:杜琪峰JohnnieTo   主演:吴镇宇FrancisNg/任达华SimonYam/...1999 / 香港 / 剧情动作犯罪,['8.5'],['76701人评价'],['一群演技精湛的戏骨，奉献出一个精致的黑帮小品，成就杜琪峰群戏的巅峰之作。'],['https://img3.doubanio.com/view/movie_poster_cover/ipst/public/p1538646661.jpg']
傲慢与偏见 / Pride & Prejudice / 傲慢与偏见2005  /  Pride And Prejudice,['https://movie.douban.com/subject/1418200/'],导演:乔·怀特JoeWright   主演:凯拉·耐特丽KeiraKnightley/马修·...2005 / 法国英国美国 / 剧情爱情,['8.4'],['249704人评价'],['爱是摈弃傲慢与偏见之后的曙光。'],['https://img3.doubanio.com/view/movie_poster_cover/ipst/public/p452005185.jpg']
香水 / Perfume: The Story of a Murderer / 香水：一个杀人犯的故事  /  香水：一个谋杀犯的故事,['https://movie.douban.com/subject/1760622/'],导演:汤姆·提克威TomTykwer   主演:本·卫肖BenWhishaw/艾伦·瑞克...2006 / 德国法国西班牙美国 / 剧情犯罪奇幻,['8.4'],['233996人评价'],['一个单凭体香达到高潮的男人。'],['https://img1.doubanio.com/view/movie_poster_cover/ipst/public/p470006658.jpg']
冰川时代 / Ice Age / 冰河世纪  /  冰原历险记,['https://movie.douban.com/subject/1291578/'],导演:卡洛斯·沙尔丹哈CarlosSaldanha/克里斯·韦奇ChrisWedge   主演...2002 / 美国 / 喜剧动画冒险,['8.4'],['232371人评价'],['松鼠才是角儿。'],['https://img1.doubanio.com/view/movie_poster_cover/ipst/public/p1910895719.jpg']
花样年华 / 花樣年華 / In the Mood for Love,['https://movie.douban.com/subject/1291557/'],导演:王家卫KarWaiWong   主演:梁朝伟TonyLeungChiuWai/张曼玉Ma...2000 / 香港法国 / 剧情爱情,['8.4'],['191956人评价'],['偷情本没有这样美。'],['https://img3.doubanio.com/view/movie_poster_cover/ipst/public/p1910828286.jpg']
英国病人 / The English Patient / 英伦情人(台)  /  别问我是谁(港),['https://movie.douban.com/subject/1291853/'],导演:安东尼·明格拉AnthonyMinghella   主演:拉尔夫·费因斯RalphFien...1996 / 美国英国 / 爱情剧情战争,['8.4'],['154248人评价'],"['In memory, love lives forever...']",['https://img3.doubanio.com/view/movie_poster_cover/ipst/public/p453791074.jpg']
变脸 / Face/Off / 夺面双雄  /  变脸,['https://movie.douban.com/subject/1292659/'],导演:吴宇森JohnWoo   主演:约翰·特拉沃尔塔JohnTravolta/尼古拉斯...1997 / 美国 / 动作犯罪,['8.4'],['183874人评价'],['当发哥的风衣、墨镜出现在了凯奇身上⋯⋯'],['https://img3.doubanio.com/view/movie_poster_cover/ipst/public/p2173855883.jpg']
穆赫兰道 / Mulholland Dr. / 穆荷兰大道(台)  /  失忆大道(港),['https://movie.douban.com/subject/1292217/'],导演:大卫·林奇DavidLynch   主演:娜奥米·沃茨NaomiWatts/劳拉·哈...2001 / 法国美国 / 剧情悬疑惊悚,['8.4'],['189940人评价'],['大卫·林奇的梦境迷宫。'],['https://img3.doubanio.com/view/movie_poster_cover/ipst/public/p792248233.jpg']
魔女宅急便 / 魔女の宅急便 / 魔女琪琪(台)  /  小魔女限时专送,['https://movie.douban.com/subject/1307811/'],导演:宫崎骏HayaoMiyazaki   主演:高山南/佐久间玲/山口胜平1989 / 日本 / 动画奇幻冒险,['8.4'],['157325人评价'],['宫崎骏的电影总让人感觉世界是美好的，阳光明媚的。'],['https://img3.doubanio.com/view/movie_poster_cover/ipst/public/p456676352.jpg']
发条橙 / A Clockwork Orange / 发条桔子  /  发条橙子,['https://movie.douban.com/subject/1292233/'],导演:StanleyKubrick   主演:MalcolmMcDowell/PatrickMagee/Michael...1971 / 英国美国 / 犯罪剧情科幻,['8.4'],['157308人评价'],['我完全康复了。'],['https://img3.doubanio.com/view/movie_poster_cover/ipst/public/p529908155.jpg']
美国丽人 / American Beauty / 美丽有罪(港)  /  美国心·玫瑰情(台),['https://movie.douban.com/subject/1292062/'],导演:萨姆·门德斯SamMendes   主演:凯文·史佩西KevinSpacey/安妮特...1999 / 美国 / 剧情家庭,['8.4'],['156348人评价'],['每个人的内心都是深不可测的大海。 '],['https://img3.doubanio.com/view/movie_poster_cover/ipst/public/p571671715.jpg']
黑客帝国3：矩阵革命 / The Matrix Revolutions / 骇客任务完结篇：最后战役  /  廿二世纪杀人网络3：惊变世纪,['https://movie.douban.com/subject/1302467/'],导演:AndyWachowski/LarryWachowski   主演:KeanuReeves/LaurenceF...2003 / 美国澳大利亚 / 动作科幻,['8.4'],['126644人评价'],['不得不说，《黑客帝国》系列是商业片与科幻、哲学完美结合的典范。'],['https://img1.doubanio.com/view/movie_poster_cover/ipst/public/p443461818.jpg']
新龙门客栈 / 新龍門客棧 / New Dragon Gate Inn,['https://movie.douban.com/subject/1292287/'],导演:李惠民RaymondLee   主演:张曼玉MaggieCheung/林青霞Brigitte...1992 / 香港中国大陆 / 剧情动作武侠古装,['8.4'],['151588人评价'],['嬉笑怒骂，调风动月。'],['https://img1.doubanio.com/view/movie_poster_cover/ipst/public/p1421018669.jpg']
暖暖内含光 / Eternal Sunshine of the Spotless Mind / 美丽心灵的永恒阳光  /  无痛失恋(港),['https://movie.douban.com/subject/1308777/'],导演:米歇尔·冈瑞MichelGondry   主演:金·凯瑞JimCarrey/凯特·温...2004 / 美国 / 剧情爱情奇幻,['8.4'],['122113人评价'],['恋爱是一次神经的冒险。就算失去记忆，也会爱上你。'],['https://img3.doubanio.com/view/movie_poster_cover/ipst/public/p479565065.jpg']
无耻混蛋 / Inglourious Basterds / 恶棍特工(台)  /  希魔撞正杀人狂(港),['https://movie.douban.com/subject/1438652/'],导演:QuentinTarantino   主演:布拉德·皮特BradPitt/梅拉尼·罗兰M...2009 / 美国德国 / 剧情犯罪,['8.4'],['188316人评价'],['昆汀同学越来越变态了，比北野武还杜琪峰。'],['https://img3.doubanio.com/view/movie_poster_cover/ipst/public/p770734475.jpg']
罪恶之城 / Sin City / 罪恶城  /  万恶城市,['https://movie.douban.com/subject/1309027/'],导演:弗兰克·米勒FrankMiller/罗伯特·罗德里格兹RobertRodriguez   ...2005 / 美国 / 动作犯罪惊悚,['8.4'],['124220人评价'],['权力不是来自枪和子弹，权力来自谎言。'],['https://img1.doubanio.com/view/movie_poster_cover/ipst/public/p2173716829.jpg']
荒岛余生 / Cast Away / 浩劫重生(台)  /  劫后重生(港),['https://movie.douban.com/subject/1298653/'],导演:罗伯特·泽米吉斯RobertZemeckis   主演:汤姆·汉克斯TomHanks/...2000 / 美国 / 冒险剧情,['8.4'],['108682人评价'],['一个人的独角戏。'],['https://img1.doubanio.com/view/movie_poster_cover/ipst/public/p1341248319.jpg']
导盲犬小Q / クイール / 再见了！可鲁  /  Quill,['https://movie.douban.com/subject/1316572/'],导演:崔洋一YoichiSai   主演:小林薰/椎名桔平/香川照之2004 / 日本 / 剧情,['8.4'],['104928人评价'],['宠物的意义在于化解人的孤独。'],['https://img3.doubanio.com/view/movie_poster_cover/ipst/public/p1233612794.jpg']
角斗士 / Gladiator / 帝国骄雄(港)  /  神鬼战士(台),['https://movie.douban.com/subject/1293530/'],导演:RidleyScott   主演:RussellCrowe/JoaquinPhoenix/ConnieNielsen2000 / 英国美国 / 剧情动作历史冒险,['8.4'],['110737人评价'],['罗马斗兽场的鸦雀无声，久久停留在这样的肃穆中。'],['https://img3.doubanio.com/view/movie_poster_cover/ipst/public/p1601948450.jpg']
速度与激情5 / Fast Five / 狂野时速5(港)  /  玩命关头5(台),['https://movie.douban.com/subject/4286017/'],导演:林诣彬JustinLin   主演:范·迪塞尔VinDiesel/保罗·沃克Paul...2011 / 美国 / 动作犯罪剧情惊悚,['8.4'],['189252人评价'],['爆米花动作电影新标杆。'],['https://img3.doubanio.com/view/movie_poster_cover/ipst/public/p898634801.jpg']
喜剧之王 / 喜劇之王 / King of Comedy,['https://movie.douban.com/subject/1302425/'],导演:周星驰StephenChow/李力持Lik-ChiLee   主演:周星驰StephenCh...1999 / 香港 / 喜剧剧情爱情,['8.3'],['237888人评价'],['我是一个演员。'],['https://img3.doubanio.com/view/movie_poster_cover/ipst/public/p1043597424.jpg']
唐伯虎点秋香 / 唐伯虎點秋香 / Flirting Scholar,['https://movie.douban.com/subject/1306249/'],导演:李力持Lik-ChiLee   主演:周星驰StephenChow/巩俐LiGong/陈...1993 / 香港 / 喜剧爱情古装,['8.3'],['250261人评价'],['华太师是黄霑，吴镇宇四大才子之一。'],['https://img3.doubanio.com/view/movie_poster_cover/ipst/public/p1946455272.jpg']
恐怖游轮 / Triangle / 汪洋血迷宮(台)  /  轮回三角,['https://movie.douban.com/subject/3011051/'],导演:克里斯托弗·史密斯ChristopherSmith   主演:梅利莎·乔治Melissa...2009 / 英国澳大利亚 / 剧情悬疑惊悚,['8.3'],['244820人评价'],['不要企图在重复中寻找已经失去的爱。'],['https://img3.doubanio.com/view/movie_poster_cover/ipst/public/p462470694.jpg']
曾经 / Once / 一奏倾情(港)  /  曾经。爱是唯一(台),['https://movie.douban.com/subject/2053515/'],导演:约翰·卡尼JohnCarney   主演:格伦·汉塞德GlenHansard/玛可塔...2006 / 爱尔兰 / 剧情音乐爱情,['8.3'],['176181人评价'],['有些幸福无关爱情。'],['https://img3.doubanio.com/view/movie_poster_cover/ipst/public/p2173720203.jpg']
蓝色大门 / 藍色大門 / Blue Gate Crossing  /  蓝色大门,['https://movie.douban.com/subject/1308575/'],导演:易智言Chih-yenYee   主演:桂纶镁LunmeiKwai/陈柏霖Bo-linChe...2002 / 台湾法国 / 剧情爱情同性,['8.3'],['239211人评价'],['青春的窃窃私语。 '],['https://img3.doubanio.com/view/movie_poster_cover/ipst/public/p584822570.jpg']
源代码 / Source Code / 启动原始码(台)  /  危机解密(港),['https://movie.douban.com/subject/3075287/'],导演:邓肯·琼斯DuncanJones   主演:杰克·吉伦哈尔JakeGyllenhaal/...2011 / 美国加拿大 / 剧情动作科幻犯罪惊悚,['8.3'],['350603人评价'],['邓肯·琼斯继《月球》之后再度奉献出一部精彩绝伦的科幻佳作。'],['https://img3.doubanio.com/view/movie_poster_cover/ipst/public/p988260245.jpg']
初恋这件小事 / สิ่งเล็กเล็กที่เรียกว่า...รัก / 初恋那件小事(港)  /  暗恋那点小事,['https://movie.douban.com/subject/4739952/'],导演:PuttipongPromsakaNaSakolnakorn/Wasinpokpong   主演:马里奥·...2010 / 泰国 / 喜剧爱情,['8.3'],['388331人评价'],['黑小鸭速效美白记。'],['https://img3.doubanio.com/view/movie_poster_cover/ipst/public/p1505312273.jpg']
爱在暹罗 / รักแห่งสยาม / 暹罗之恋  /  爱在暹罗广场,['https://movie.douban.com/subject/2365260/'],导演:ChukiatSakveerakul   主演:WitwisitHiranyawongkul/MarioMaurer...2007 / 泰国 / 剧情爱情同性家庭,['8.3'],['197326人评价'],['把爱放在心底，有爱就有希望。'],['https://img1.doubanio.com/view/movie_poster_cover/ipst/public/p1024585648.jpg']
青蛇 / Green Snake,['https://movie.douban.com/subject/1303394/'],导演:徐克HarkTsui   主演:张曼玉MaggieCheung/王祖贤JoeyWang/...1993 / 香港 / 剧情奇幻古装,['8.3'],['178450人评价'],['人生如此，浮生如斯。谁人言，花彼岸，此生情长意短。谁都是不懂爱的罢了。'],['https://img3.doubanio.com/view/movie_poster_cover/ipst/public/p584021784.jpg']
夜访吸血鬼 / Interview with the Vampire: The Vampire Chronicles / 吸血迷情,['https://movie.douban.com/subject/1299327/'],导演:尼尔·乔丹NeilJordan   主演:布拉德·皮特BradPitt/汤姆·克鲁...1994 / 美国 / 剧情奇幻惊悚,['8.3'],['171812人评价'],['弥漫淡淡血腥气的优雅。'],['https://img3.doubanio.com/view/movie_poster_cover/ipst/public/p1353910572.jpg']
国王的演讲 / The King's Speech / 皇上无话儿(港)  /  王者之声：宣战时刻(台),['https://movie.douban.com/subject/4023638/'],导演:汤姆·霍珀TomHooper   主演:柯林·菲尔斯ColinFirth/杰弗里·...2010 / 英国澳大利亚美国 / 剧情传记历史,['8.3'],['288610人评价'],['皇上无话儿。'],['https://img1.doubanio.com/view/movie_poster_cover/ipst/public/p768879237.jpg']
两小无猜 / Jeux d'enfants / 敢爱就来  /  宝贝游戏,['https://movie.douban.com/subject/1308817/'],导演:杨·塞谬尔YannSamuell   主演:吉约姆·卡内GuillaumeCanet/玛...2003 / 法国比利时 / 喜剧剧情爱情,['8.2'],['280344人评价'],"['Love me, if you dare. ']",['https://img3.doubanio.com/view/movie_poster_cover/ipst/public/p455472580.jpg']
假如爱有天意 / 클래식 / 不可不信缘  /  缘起不灭,['https://movie.douban.com/subject/1304073/'],导演:郭在容Jae-youngKwak   主演:孙艺珍Ye-jinSon/曹承佑Seung-woo...2003 / 韩国 / 剧情爱情,['8.2'],['190558人评价'],['琼瑶阿姨在韩国的深刻版。'],['https://img3.doubanio.com/view/movie_poster_cover/ipst/public/p479746811.jpg']
疯狂的石头 / Crazy Stone,['https://movie.douban.com/subject/1862151/'],导演:宁浩HaoNing   主演:郭涛TaoGuo/刘桦HuaLiu/连晋TeddyLin2006 / 中国大陆香港 / 喜剧犯罪,['8.2'],['250096人评价'],['中国版《两杆大烟枪》。'],['https://img3.doubanio.com/view/movie_poster_cover/ipst/public/p712241453.jpg']
